store_id,date,scans,approvals
1,2024-01-01,44,15
1,2024-01-02,48,9
1,2024-01-03,38,13
1,2024-01-04,27,6
1,2024-01-05,10,3
1,2024-01-06,66,18
1,2024-01-07,7,1
1,2024-01-08,47,15
1,2024-01-09,28,8
1,2024-01-10,15,4
1,2024-01-11,6,2
1,2024-01-12,29,9
1,2024-01-13,18,6
1,2024-01-14,55,14
1,2024-01-15,17,6
1,2024-01-16,8,2
1,2024-01-17,11,3
1,2024-01-18,9,1
1,2024-01-19,37,7
1,2024-01-20,18,5
1,2024-01-21,22,7
1,2024-01-22,13,5
1,2024-01-23,9,2
1,2024-01-24,36,7
1,2024-01-25,47,9
1,2024-01-26,21,6
1,2024-01-27,43,13
1,2024-01-28,61,12
1,2024-01-29,18,4
1,2024-01-30,33,11
1,2024-01-31,11,3
1,2024-02-01,46,15
1,2024-02-02,46,18
1,2024-02-03,69,19
1,2024-02-04,46,13
1,2024-02-05,45,14
1,2024-02-06,19,5
1,2024-02-07,28,10
1,2024-02-08,49,11
1,2024-02-09,40,15
1,2024-02-10,54,12
1,2024-02-11,13,5
1,2024-02-12,35,13
1,2024-02-13,5,1
1,2024-02-14,12,4
1,2024-02-15,37,11
1,2024-02-16,12,4
1,2024-02-17,58,15
1,2024-02-18,70,17
1,2024-02-19,30,6
1,2024-02-20,5,1
1,2024-02-21,43,12
1,2024-02-22,49,15
1,2024-02-23,43,11
1,2024-02-24,22,6
1,2024-02-25,48,18
1,2024-02-26,7,1
1,2024-02-27,6,1
1,2024-02-28,20,4
1,2024-02-29,48,14
1,2024-03-01,34,8
1,2024-03-02,10,2
1,2024-03-03,22,5
1,2024-03-04,6,1
1,2024-03-05,19,4
1,2024-03-06,19,6
1,2024-03-07,35,9
1,2024-03-08,40,10
1,2024-03-09,25,6
1,2024-03-10,25,6
1,2024-03-11,35,13
1,2024-03-12,39,11
1,2024-03-13,6,2
1,2024-03-14,42,13
1,2024-03-15,24,4
1,2024-03-16,42,10
1,2024-03-17,34,9
1,2024-03-18,7,1
1,2024-03-19,13,5
1,2024-03-20,25,9
1,2024-03-21,48,17
1,2024-03-22,30,9
1,2024-03-23,72,22
1,2024-03-24,46,15
1,2024-03-25,18,4
1,2024-03-26,5,1
1,2024-03-27,27,9
1,2024-03-28,9,3
1,2024-03-29,27,9
1,2024-03-30,16,6
1,2024-03-31,19,6
2,2024-01-01,10,2
2,2024-01-02,18,6
2,2024-01-03,25,5
2,2024-01-04,42,16
2,2024-01-05,38,12
2,2024-01-06,10,3
2,2024-01-07,72,25
2,2024-01-08,45,11
2,2024-01-09,10,3
2,2024-01-10,16,5
2,2024-01-11,7,2
2,2024-01-12,46,11
2,2024-01-13,45,14
2,2024-01-14,43,16
2,2024-01-15,21,6
2,2024-01-16,49,18
2,2024-01-17,8,1
2,2024-01-18,13,2
2,2024-01-19,43,11
2,2024-01-20,52,17
2,2024-01-21,48,11
2,2024-01-22,9,2
2,2024-01-23,35,7
2,2024-01-24,43,13
2,2024-01-25,38,9
2,2024-01-26,14,3
2,2024-01-27,55,11
2,2024-01-28,15,5
2,2024-01-29,26,10
2,2024-01-30,34,8
2,2024-01-31,23,6
2,2024-02-01,32,10
2,2024-02-02,18,6
2,2024-02-03,10,3
2,2024-02-04,34,7
2,2024-02-05,20,7
2,2024-02-06,29,10
2,2024-02-07,34,13
2,2024-02-08,44,10
2,2024-02-09,17,5
2,2024-02-10,54,11
2,2024-02-11,16,4
2,2024-02-12,10,2
2,2024-02-13,40,9
2,2024-02-14,18,6
2,2024-02-15,36,8
2,2024-02-16,28,6
2,2024-02-17,43,14
2,2024-02-18,64,23
2,2024-02-19,34,12
2,2024-02-20,16,4
2,2024-02-21,14,3
2,2024-02-22,16,4
2,2024-02-23,6,1
2,2024-02-24,27,7
2,2024-02-25,19,6
2,2024-02-26,29,7
2,2024-02-27,6,1
2,2024-02-28,32,6
2,2024-02-29,28,5
2,2024-03-01,26,6
2,2024-03-02,46,16
2,2024-03-03,63,17
2,2024-03-04,22,5
2,2024-03-05,16,4
2,2024-03-06,23,6
2,2024-03-07,14,4
2,2024-03-08,41,10
2,2024-03-09,70,25
2,2024-03-10,15,3
2,2024-03-11,20,6
2,2024-03-12,29,8
2,2024-03-13,46,13
2,2024-03-14,42,14
2,2024-03-15,43,9
2,2024-03-16,61,14
2,2024-03-17,30,6
2,2024-03-18,40,8
2,2024-03-19,12,3
2,2024-03-20,41,14
2,2024-03-21,18,6
2,2024-03-22,30,9
2,2024-03-23,10,2
2,2024-03-24,63,15
2,2024-03-25,9,3
2,2024-03-26,25,9
2,2024-03-27,44,17
2,2024-03-28,22,5
2,2024-03-29,26,7
2,2024-03-30,31,7
2,2024-03-31,27,7
3,2024-01-01,19,4
3,2024-01-02,19,5
3,2024-01-03,26,7
3,2024-01-04,28,8
3,2024-01-05,29,9
3,2024-01-06,25,7
3,2024-01-07,40,11
3,2024-01-08,18,6
3,2024-01-09,19,6
3,2024-01-10,8,2
3,2024-01-11,14,3
3,2024-01-12,21,6
3,2024-01-13,10,2
3,2024-01-14,24,6
3,2024-01-15,17,5
3,2024-01-16,9,3
3,2024-01-17,36,12
3,2024-01-18,23,8
3,2024-01-19,9,2
3,2024-01-20,25,5
3,2024-01-21,12,3
3,2024-01-22,34,7
3,2024-01-23,45,10
3,2024-01-24,9,3
3,2024-01-25,45,10
3,2024-01-26,18,4
3,2024-01-27,22,8
3,2024-01-28,7,2
3,2024-01-29,25,9
3,2024-01-30,26,7
3,2024-01-31,49,14
3,2024-02-01,31,8
3,2024-02-02,41,14
3,2024-02-03,69,19
3,2024-02-04,25,6
3,2024-02-05,37,10
3,2024-02-06,41,9
3,2024-02-07,20,6
3,2024-02-08,23,7
3,2024-02-09,28,6
3,2024-02-10,61,22
3,2024-02-11,13,4
3,2024-02-12,16,4
3,2024-02-13,49,9
3,2024-02-14,6,1
3,2024-02-15,26,10
3,2024-02-16,43,10
3,2024-02-17,19,7
3,2024-02-18,46,12
3,2024-02-19,44,10
3,2024-02-20,19,5
3,2024-02-21,46,17
3,2024-02-22,12,2
3,2024-02-23,47,13
3,2024-02-24,60,14
3,2024-02-25,46,11
3,2024-02-26,22,4
3,2024-02-27,47,17
3,2024-02-28,7,1
3,2024-02-29,48,16
3,2024-03-01,47,10
3,2024-03-02,18,6
3,2024-03-03,58,12
3,2024-03-04,48,18
3,2024-03-05,29,10
3,2024-03-06,17,6
3,2024-03-07,28,9
3,2024-03-08,20,5
3,2024-03-09,28,7
3,2024-03-10,16,5
3,2024-03-11,5,1
3,2024-03-12,45,14
3,2024-03-13,33,12
3,2024-03-14,43,11
3,2024-03-15,43,12
3,2024-03-16,52,18
3,2024-03-17,69,27
3,2024-03-18,5,1
3,2024-03-19,27,7
3,2024-03-20,30,11
3,2024-03-21,35,7
3,2024-03-22,29,8
3,2024-03-23,40,13
3,2024-03-24,34,11
3,2024-03-25,22,8
3,2024-03-26,29,9
3,2024-03-27,18,6
3,2024-03-28,45,12
3,2024-03-29,12,2
3,2024-03-30,51,14
3,2024-03-31,72,20
4,2024-01-01,12,3
4,2024-01-02,31,10
4,2024-01-03,45,9
4,2024-01-04,43,11
4,2024-01-05,5,1
4,2024-01-06,39,13
4,2024-01-07,69,19
4,2024-01-08,30,7
4,2024-01-09,15,5
4,2024-01-10,42,11
4,2024-01-11,15,5
4,2024-01-12,30,7
4,2024-01-13,43,11
4,2024-01-14,39,12
4,2024-01-15,32,12
4,2024-01-16,22,7
4,2024-01-17,39,13
4,2024-01-18,31,9
4,2024-01-19,21,5
4,2024-01-20,52,20
4,2024-01-21,36,12
4,2024-01-22,29,7
4,2024-01-23,35,9
4,2024-01-24,32,7
4,2024-01-25,38,11
4,2024-01-26,33,11
4,2024-01-27,60,23
4,2024-01-28,54,17
4,2024-01-29,45,10
4,2024-01-30,46,13
4,2024-01-31,13,2
4,2024-02-01,44,8
4,2024-02-02,35,8
4,2024-02-03,9,3
4,2024-02-04,61,20
4,2024-02-05,5,1
4,2024-02-06,20,4
4,2024-02-07,21,4
4,2024-02-08,21,5
4,2024-02-09,18,4
4,2024-02-10,40,14
4,2024-02-11,60,17
4,2024-02-12,28,9
4,2024-02-13,28,7
4,2024-02-14,5,1
4,2024-02-15,42,14
4,2024-02-16,46,12
4,2024-02-17,40,11
4,2024-02-18,31,11
4,2024-02-19,24,5
4,2024-02-20,30,10
4,2024-02-21,47,12
4,2024-02-22,40,10
4,2024-02-23,45,15
4,2024-02-24,60,15
4,2024-02-25,19,5
4,2024-02-26,8,1
4,2024-02-27,40,8
4,2024-02-28,24,6
4,2024-02-29,36,13
4,2024-03-01,46,14
4,2024-03-02,52,11
4,2024-03-03,18,5
4,2024-03-04,6,1
4,2024-03-05,35,7
4,2024-03-06,42,11
4,2024-03-07,38,11
4,2024-03-08,5,1
4,2024-03-09,43,13
4,2024-03-10,25,5
4,2024-03-11,8,2
4,2024-03-12,25,9
4,2024-03-13,5,1
4,2024-03-14,22,7
4,2024-03-15,16,5
4,2024-03-16,15,5
4,2024-03-17,13,2
4,2024-03-18,18,4
4,2024-03-19,7,2
4,2024-03-20,13,4
4,2024-03-21,33,11
4,2024-03-22,11,4
4,2024-03-23,16,5
4,2024-03-24,21,6
4,2024-03-25,49,13
4,2024-03-26,17,6
4,2024-03-27,27,8
4,2024-03-28,47,17
4,2024-03-29,44,13
4,2024-03-30,45,9
4,2024-03-31,33,9
5,2024-01-01,44,16
5,2024-01-02,11,3
5,2024-01-03,15,3
5,2024-01-04,37,13
5,2024-01-05,30,8
5,2024-01-06,16,5
5,2024-01-07,16,5
5,2024-01-08,19,7
5,2024-01-09,41,9
5,2024-01-10,36,11
5,2024-01-11,49,15
5,2024-01-12,18,6
5,2024-01-13,70,27
5,2024-01-14,27,7
5,2024-01-15,46,16
5,2024-01-16,11,3
5,2024-01-17,18,5
5,2024-01-18,43,15
5,2024-01-19,25,7
5,2024-01-20,66,16
5,2024-01-21,54,17
5,2024-01-22,30,9
5,2024-01-23,11,2
5,2024-01-24,24,7
5,2024-01-25,17,4
5,2024-01-26,47,13
5,2024-01-27,31,6
5,2024-01-28,43,10
5,2024-01-29,28,7
5,2024-01-30,32,9
5,2024-01-31,33,12
5,2024-02-01,47,18
5,2024-02-02,24,8
5,2024-02-03,57,13
5,2024-02-04,42,13
5,2024-02-05,37,9
5,2024-02-06,47,13
5,2024-02-07,47,10
5,2024-02-08,16,4
5,2024-02-09,34,11
5,2024-02-10,52,19
5,2024-02-11,63,12
5,2024-02-12,18,5
5,2024-02-13,22,7
5,2024-02-14,35,9
5,2024-02-15,28,7
5,2024-02-16,10,3
5,2024-02-17,55,15
5,2024-02-18,37,12
5,2024-02-19,38,10
5,2024-02-20,35,12
5,2024-02-21,21,5
5,2024-02-22,30,9
5,2024-02-23,45,15
5,2024-02-24,61,22
5,2024-02-25,72,25
5,2024-02-26,36,13
5,2024-02-27,5,1
5,2024-02-28,28,5
5,2024-02-29,29,10
5,2024-03-01,14,3
5,2024-03-02,9,3
5,2024-03-03,37,8
5,2024-03-04,34,13
5,2024-03-05,35,12
5,2024-03-06,30,10
5,2024-03-07,39,15
5,2024-03-08,47,11
5,2024-03-09,9,1
5,2024-03-10,60,20
5,2024-03-11,37,11
5,2024-03-12,39,9
5,2024-03-13,25,6
5,2024-03-14,10,2
5,2024-03-15,10,2
5,2024-03-16,7,1
5,2024-03-17,21,6
5,2024-03-18,18,4
5,2024-03-19,16,3
5,2024-03-20,46,10
5,2024-03-21,29,7
5,2024-03-22,7,1
5,2024-03-23,34,7
5,2024-03-24,7,2
5,2024-03-25,14,4
5,2024-03-26,40,15
5,2024-03-27,32,11
5,2024-03-28,21,6
5,2024-03-29,28,8
5,2024-03-30,9,2
5,2024-03-31,49,19
6,2024-01-01,28,6
6,2024-01-02,23,6
6,2024-01-03,32,11
6,2024-01-04,13,3
6,2024-01-05,47,16
6,2024-01-06,40,15
6,2024-01-07,66,20
6,2024-01-08,36,11
6,2024-01-09,37,8
6,2024-01-10,5,1
6,2024-01-11,43,11
6,2024-01-12,45,17
6,2024-01-13,33,7
6,2024-01-14,54,18
6,2024-01-15,5,1
6,2024-01-16,19,7
6,2024-01-17,43,9
6,2024-01-18,30,8
6,2024-01-19,9,2
6,2024-01-20,58,20
6,2024-01-21,22,5
6,2024-01-22,6,2
6,2024-01-23,38,9
6,2024-01-24,42,14
6,2024-01-25,12,4
6,2024-01-26,13,4
6,2024-01-27,24,5
6,2024-01-28,46,17
6,2024-01-29,25,6
6,2024-01-30,47,17
6,2024-01-31,31,10
6,2024-02-01,35,11
6,2024-02-02,11,2
6,2024-02-03,10,3
6,2024-02-04,12,4
6,2024-02-05,38,9
6,2024-02-06,34,7
6,2024-02-07,20,6
6,2024-02-08,10,3
6,2024-02-09,12,3
6,2024-02-10,31,12
6,2024-02-11,49,17
6,2024-02-12,47,14
6,2024-02-13,44,10
6,2024-02-14,46,16
6,2024-02-15,37,10
6,2024-02-16,21,6
6,2024-02-17,9,3
6,2024-02-18,22,6
6,2024-02-19,36,13
6,2024-02-20,14,4
6,2024-02-21,43,12
6,2024-02-22,20,4
6,2024-02-23,37,7
6,2024-02-24,24,6
6,2024-02-25,51,11
6,2024-02-26,35,12
6,2024-02-27,16,3
6,2024-02-28,32,6
6,2024-02-29,40,8
6,2024-03-01,40,9
6,2024-03-02,58,22
6,2024-03-03,70,14
6,2024-03-04,12,4
6,2024-03-05,30,8
6,2024-03-06,20,6
6,2024-03-07,20,5
6,2024-03-08,19,4
6,2024-03-09,64,24
6,2024-03-10,31,10
6,2024-03-11,30,11
6,2024-03-12,7,1
6,2024-03-13,14,5
6,2024-03-14,23,4
6,2024-03-15,48,10
6,2024-03-16,31,12
6,2024-03-17,54,12
6,2024-03-18,42,16
6,2024-03-19,37,14
6,2024-03-20,12,2
6,2024-03-21,21,5
6,2024-03-22,48,16
6,2024-03-23,43,16
6,2024-03-24,73,19
6,2024-03-25,23,8
6,2024-03-26,48,10
6,2024-03-27,39,12
6,2024-03-28,26,6
6,2024-03-29,13,4
6,2024-03-30,34,8
6,2024-03-31,10,2
7,2024-01-01,38,11
7,2024-01-02,42,14
7,2024-01-03,19,5
7,2024-01-04,40,10
7,2024-01-05,20,5
7,2024-01-06,39,15
7,2024-01-07,51,17
7,2024-01-08,40,14
7,2024-01-09,33,7
7,2024-01-10,22,7
7,2024-01-11,34,9
7,2024-01-12,49,19
7,2024-01-13,58,22
7,2024-01-14,34,7
7,2024-01-15,15,4
7,2024-01-16,28,8
7,2024-01-17,33,10
7,2024-01-18,33,8
7,2024-01-19,7,2
7,2024-01-20,63,23
7,2024-01-21,73,27
7,2024-01-22,49,17
7,2024-01-23,24,7
7,2024-01-24,24,5
7,2024-01-25,15,4
7,2024-01-26,6,1
7,2024-01-27,30,10
7,2024-01-28,61,17
7,2024-01-29,28,9
7,2024-01-30,34,10
7,2024-01-31,31,6
7,2024-02-01,17,3
7,2024-02-02,29,6
7,2024-02-03,55,12
7,2024-02-04,66,20
7,2024-02-05,19,5
7,2024-02-06,40,11
7,2024-02-07,40,14
7,2024-02-08,39,12
7,2024-02-09,40,13
7,2024-02-10,16,4
7,2024-02-11,73,25
7,2024-02-12,33,8
7,2024-02-13,44,11
7,2024-02-14,30,11
7,2024-02-15,16,5
7,2024-02-16,31,8
7,2024-02-17,21,7
7,2024-02-18,64,16
7,2024-02-19,15,5
7,2024-02-20,25,8
7,2024-02-21,25,9
7,2024-02-22,12,3
7,2024-02-23,33,12
7,2024-02-24,36,10
7,2024-02-25,51,18
7,2024-02-26,28,8
7,2024-02-27,17,5
7,2024-02-28,31,7
7,2024-02-29,23,5
7,2024-03-01,15,5
7,2024-03-02,61,12
7,2024-03-03,30,11
7,2024-03-04,29,10
7,2024-03-05,30,9
7,2024-03-06,29,8
7,2024-03-07,19,6
7,2024-03-08,37,11
7,2024-03-09,64,17
7,2024-03-10,21,7
7,2024-03-11,31,7
7,2024-03-12,22,8
7,2024-03-13,35,8
7,2024-03-14,33,7
7,2024-03-15,26,10
7,2024-03-16,40,12
7,2024-03-17,24,6
7,2024-03-18,20,7
7,2024-03-19,27,10
7,2024-03-20,17,6
7,2024-03-21,15,4
7,2024-03-22,44,14
7,2024-03-23,22,5
7,2024-03-24,70,20
7,2024-03-25,47,16
7,2024-03-26,42,12
7,2024-03-27,11,2
7,2024-03-28,20,7
7,2024-03-29,30,9
7,2024-03-30,70,23
7,2024-03-31,16,3
8,2024-01-01,23,7
8,2024-01-02,47,18
8,2024-01-03,25,8
8,2024-01-04,29,7
8,2024-01-05,25,6
8,2024-01-06,10,2
8,2024-01-07,21,7
8,2024-01-08,12,2
8,2024-01-09,32,8
8,2024-01-10,34,9
8,2024-01-11,32,10
8,2024-01-12,25,5
8,2024-01-13,67,24
8,2024-01-14,27,10
8,2024-01-15,23,8
8,2024-01-16,12,4
8,2024-01-17,31,11
8,2024-01-18,7,1
8,2024-01-19,38,10
8,2024-01-20,54,11
8,2024-01-21,51,14
8,2024-01-22,14,3
8,2024-01-23,37,11
8,2024-01-24,11,2
8,2024-01-25,43,15
8,2024-01-26,11,2
8,2024-01-27,72,22
8,2024-01-28,27,5
8,2024-01-29,44,12
8,2024-01-30,47,15
8,2024-01-31,38,12
8,2024-02-01,26,8
8,2024-02-02,26,5
8,2024-02-03,52,11
8,2024-02-04,55,20
8,2024-02-05,37,11
8,2024-02-06,48,15
8,2024-02-07,41,12
8,2024-02-08,23,8
8,2024-02-09,46,15
8,2024-02-10,18,5
8,2024-02-11,69,14
8,2024-02-12,11,3
8,2024-02-13,47,13
8,2024-02-14,7,2
8,2024-02-15,34,9
8,2024-02-16,18,4
8,2024-02-17,61,21
8,2024-02-18,43,10
8,2024-02-19,43,11
8,2024-02-20,48,13
8,2024-02-21,44,14
8,2024-02-22,25,5
8,2024-02-23,47,17
8,2024-02-24,25,9
8,2024-02-25,13,5
8,2024-02-26,22,4
8,2024-02-27,29,8
8,2024-02-28,38,9
8,2024-02-29,48,10
8,2024-03-01,22,8
8,2024-03-02,13,3
8,2024-03-03,16,4
8,2024-03-04,18,6
8,2024-03-05,30,6
8,2024-03-06,41,8
8,2024-03-07,7,2
8,2024-03-08,7,2
8,2024-03-09,9,2
8,2024-03-10,36,7
8,2024-03-11,5,1
8,2024-03-12,31,6
8,2024-03-13,25,6
8,2024-03-14,42,13
8,2024-03-15,40,10
8,2024-03-16,33,8
8,2024-03-17,33,11
8,2024-03-18,15,5
8,2024-03-19,47,15
8,2024-03-20,34,11
8,2024-03-21,7,2
8,2024-03-22,10,2
8,2024-03-23,21,8
8,2024-03-24,63,19
8,2024-03-25,27,7
8,2024-03-26,23,6
8,2024-03-27,7,1
8,2024-03-28,22,8
8,2024-03-29,22,6
8,2024-03-30,55,18
8,2024-03-31,30,8
9,2024-01-01,45,13
9,2024-01-02,37,11
9,2024-01-03,45,13
9,2024-01-04,49,17
9,2024-01-05,37,14
9,2024-01-06,60,16
9,2024-01-07,10,2
9,2024-01-08,46,12
9,2024-01-09,35,10
9,2024-01-10,47,18
9,2024-01-11,49,12
9,2024-01-12,18,3
9,2024-01-13,16,5
9,2024-01-14,13,3
9,2024-01-15,27,10
9,2024-01-16,41,12
9,2024-01-17,12,4
9,2024-01-18,24,6
9,2024-01-19,27,9
9,2024-01-20,43,15
9,2024-01-21,52,10
9,2024-01-22,45,14
9,2024-01-23,23,4
9,2024-01-24,46,14
9,2024-01-25,34,6
9,2024-01-26,10,3
9,2024-01-27,25,6
9,2024-01-28,55,19
9,2024-01-29,38,11
9,2024-01-30,9,3
9,2024-01-31,18,6
9,2024-02-01,9,2
9,2024-02-02,34,12
9,2024-02-03,21,6
9,2024-02-04,24,5
9,2024-02-05,28,5
9,2024-02-06,29,11
9,2024-02-07,46,10
9,2024-02-08,12,4
9,2024-02-09,39,12
9,2024-02-10,60,22
9,2024-02-11,13,4
9,2024-02-12,41,12
9,2024-02-13,34,6
9,2024-02-14,32,12
9,2024-02-15,31,10
9,2024-02-16,42,15
9,2024-02-17,40,8
9,2024-02-18,48,17
9,2024-02-19,22,5
9,2024-02-20,46,18
9,2024-02-21,35,13
9,2024-02-22,41,11
9,2024-02-23,23,7
9,2024-02-24,46,14
9,2024-02-25,46,10
9,2024-02-26,40,9
9,2024-02-27,9,2
9,2024-02-28,25,6
9,2024-02-29,17,6
9,2024-03-01,8,2
9,2024-03-02,61,13
9,2024-03-03,34,13
9,2024-03-04,22,6
9,2024-03-05,28,8
9,2024-03-06,13,3
9,2024-03-07,15,5
9,2024-03-08,31,8
9,2024-03-09,42,13
9,2024-03-10,25,7
9,2024-03-11,23,8
9,2024-03-12,39,11
9,2024-03-13,25,6
9,2024-03-14,39,14
9,2024-03-15,17,5
9,2024-03-16,64,13
9,2024-03-17,15,5
9,2024-03-18,37,12
9,2024-03-19,18,3
9,2024-03-20,44,16
9,2024-03-21,10,2
9,2024-03-22,20,4
9,2024-03-23,39,10
9,2024-03-24,66,22
9,2024-03-25,48,18
9,2024-03-26,27,10
9,2024-03-27,30,6
9,2024-03-28,32,6
9,2024-03-29,6,1
9,2024-03-30,54,15
9,2024-03-31,73,24
10,2024-01-01,18,3
10,2024-01-02,20,7
10,2024-01-03,34,7
10,2024-01-04,39,12
10,2024-01-05,12,3
10,2024-01-06,15,3
10,2024-01-07,69,16
10,2024-01-08,23,5
10,2024-01-09,45,12
10,2024-01-10,21,4
10,2024-01-11,42,10
10,2024-01-12,32,8
10,2024-01-13,60,17
10,2024-01-14,34,13
10,2024-01-15,34,10
10,2024-01-16,25,5
10,2024-01-17,17,4
10,2024-01-18,11,3
10,2024-01-19,48,15
10,2024-01-20,27,8
10,2024-01-21,34,11
10,2024-01-22,45,12
10,2024-01-23,8,2
10,2024-01-24,14,5
10,2024-01-25,48,14
10,2024-01-26,37,10
10,2024-01-27,24,7
10,2024-01-28,42,16
10,2024-01-29,49,16
10,2024-01-30,11,4
10,2024-01-31,16,6
10,2024-02-01,33,11
10,2024-02-02,21,7
10,2024-02-03,7,2
10,2024-02-04,63,17
10,2024-02-05,35,9
10,2024-02-06,49,13
10,2024-02-07,25,5
10,2024-02-08,34,11
10,2024-02-09,27,10
10,2024-02-10,66,25
10,2024-02-11,10,3
10,2024-02-12,22,6
10,2024-02-13,47,17
10,2024-02-14,42,11
10,2024-02-15,48,15
10,2024-02-16,11,3
10,2024-02-17,7,1
10,2024-02-18,7,2
10,2024-02-19,23,4
10,2024-02-20,41,14
10,2024-02-21,13,3
10,2024-02-22,39,15
10,2024-02-23,16,6
10,2024-02-24,57,21
10,2024-02-25,52,11
10,2024-02-26,40,13
10,2024-02-27,46,11
10,2024-02-28,45,9
10,2024-02-29,27,8
10,2024-03-01,19,6
10,2024-03-02,36,9
10,2024-03-03,70,24
10,2024-03-04,32,9
10,2024-03-05,43,12
10,2024-03-06,48,15
10,2024-03-07,22,4
10,2024-03-08,42,10
10,2024-03-09,7,1
10,2024-03-10,43,9
10,2024-03-11,30,7
10,2024-03-12,40,15
10,2024-03-13,9,3
10,2024-03-14,10,2
10,2024-03-15,21,5
10,2024-03-16,30,11
10,2024-03-17,34,11
10,2024-03-18,41,11
10,2024-03-19,16,5
10,2024-03-20,28,10
10,2024-03-21,17,5
10,2024-03-22,39,14
10,2024-03-23,18,3
10,2024-03-24,72,28
10,2024-03-25,23,5
10,2024-03-26,20,5
10,2024-03-27,19,6
10,2024-03-28,6,1
10,2024-03-29,20,6
10,2024-03-30,13,4
10,2024-03-31,19,3
11,2024-01-01,13,2
11,2024-01-02,22,8
11,2024-01-03,42,10
11,2024-01-04,5,1
11,2024-01-05,38,13
11,2024-01-06,33,11
11,2024-01-07,72,25
11,2024-01-08,9,2
11,2024-01-09,49,14
11,2024-01-10,23,8
11,2024-01-11,18,6
11,2024-01-12,27,9
11,2024-01-13,57,20
11,2024-01-14,9,3
11,2024-01-15,9,3
11,2024-01-16,46,15
11,2024-01-17,29,10
11,2024-01-18,7,1
11,2024-01-19,5,1
11,2024-01-20,10,3
11,2024-01-21,64,23
11,2024-01-22,7,1
11,2024-01-23,46,10
11,2024-01-24,36,8
11,2024-01-25,30,11
11,2024-01-26,21,4
11,2024-01-27,9,2
11,2024-01-28,46,15
11,2024-01-29,21,6
11,2024-01-30,37,11
11,2024-01-31,48,12
11,2024-02-01,25,7
11,2024-02-02,14,3
11,2024-02-03,40,14
11,2024-02-04,25,7
11,2024-02-05,27,8
11,2024-02-06,6,1
11,2024-02-07,44,14
11,2024-02-08,42,12
11,2024-02-09,7,2
11,2024-02-10,60,15
11,2024-02-11,48,15
11,2024-02-12,31,9
11,2024-02-13,6,1
11,2024-02-14,31,12
11,2024-02-15,6,1
11,2024-02-16,14,5
11,2024-02-17,33,10
11,2024-02-18,55,13
11,2024-02-19,7,1
11,2024-02-20,19,5
11,2024-02-21,48,10
11,2024-02-22,10,2
11,2024-02-23,26,6
11,2024-02-24,66,21
11,2024-02-25,46,17
11,2024-02-26,9,2
11,2024-02-27,27,6
11,2024-02-28,26,8
11,2024-02-29,42,15
11,2024-03-01,29,9
11,2024-03-02,9,3
11,2024-03-03,43,9
11,2024-03-04,11,3
11,2024-03-05,30,6
11,2024-03-06,37,9
11,2024-03-07,49,9
11,2024-03-08,26,10
11,2024-03-09,13,3
11,2024-03-10,24,9
11,2024-03-11,18,5
11,2024-03-12,44,15
11,2024-03-13,28,11
11,2024-03-14,6,1
11,2024-03-15,34,10
11,2024-03-16,37,13
11,2024-03-17,33,7
11,2024-03-18,44,15
11,2024-03-19,24,6
11,2024-03-20,39,11
11,2024-03-21,42,16
11,2024-03-22,46,17
11,2024-03-23,39,10
11,2024-03-24,54,16
11,2024-03-25,38,13
11,2024-03-26,15,5
11,2024-03-27,44,11
11,2024-03-28,38,9
11,2024-03-29,26,9
11,2024-03-30,25,8
11,2024-03-31,25,5
12,2024-01-01,33,12
12,2024-01-02,41,14
12,2024-01-03,32,10
12,2024-01-04,8,1
12,2024-01-05,24,7
12,2024-01-06,46,10
12,2024-01-07,60,22
12,2024-01-08,47,13
12,2024-01-09,15,4
12,2024-01-10,6,1
12,2024-01-11,6,2
12,2024-01-12,5,1
12,2024-01-13,40,9
12,2024-01-14,7,2
12,2024-01-15,35,8
12,2024-01-16,28,5
12,2024-01-17,15,4
12,2024-01-18,26,8
12,2024-01-19,47,12
12,2024-01-20,19,5
12,2024-01-21,67,20
12,2024-01-22,22,6
12,2024-01-23,26,9
12,2024-01-24,41,9
12,2024-01-25,26,7
12,2024-01-26,20,4
12,2024-01-27,13,3
12,2024-01-28,66,15
12,2024-01-29,42,10
12,2024-01-30,6,1
12,2024-01-31,49,18
12,2024-02-01,42,9
12,2024-02-02,8,2
12,2024-02-03,25,9
12,2024-02-04,51,17
12,2024-02-05,23,7
12,2024-02-06,10,2
12,2024-02-07,42,13
12,2024-02-08,19,7
12,2024-02-09,17,5
12,2024-02-10,13,4
12,2024-02-11,33,8
12,2024-02-12,31,10
12,2024-02-13,27,8
12,2024-02-14,35,12
12,2024-02-15,42,8
12,2024-02-16,17,6
12,2024-02-17,36,7
12,2024-02-18,67,13
12,2024-02-19,10,2
12,2024-02-20,45,12
12,2024-02-21,30,6
12,2024-02-22,45,10
12,2024-02-23,39,13
12,2024-02-24,40,9
12,2024-02-25,73,16
12,2024-02-26,35,7
12,2024-02-27,20,6
12,2024-02-28,22,7
12,2024-02-29,26,6
12,2024-03-01,6,1
12,2024-03-02,51,17
12,2024-03-03,52,18
12,2024-03-04,43,10
12,2024-03-05,46,15
12,2024-03-06,43,9
12,2024-03-07,34,10
12,2024-03-08,43,12
12,2024-03-09,72,20
12,2024-03-10,33,7
12,2024-03-11,32,6
12,2024-03-12,15,3
12,2024-03-13,9,2
12,2024-03-14,38,12
12,2024-03-15,39,15
12,2024-03-16,30,11
12,2024-03-17,69,26
12,2024-03-18,37,13
12,2024-03-19,16,6
12,2024-03-20,29,7
12,2024-03-21,20,7
12,2024-03-22,5,1
12,2024-03-23,43,14
12,2024-03-24,19,6
12,2024-03-25,24,9
12,2024-03-26,9,2
12,2024-03-27,44,14
12,2024-03-28,45,12
12,2024-03-29,43,15
12,2024-03-30,24,8
12,2024-03-31,16,3
13,2024-01-01,44,12
13,2024-01-02,15,3
13,2024-01-03,48,16
13,2024-01-04,27,9
13,2024-01-05,17,5
13,2024-01-06,70,27
13,2024-01-07,63,18
13,2024-01-08,46,9
13,2024-01-09,19,5
13,2024-01-10,24,6
13,2024-01-11,28,9
13,2024-01-12,41,13
13,2024-01-13,18,3
13,2024-01-14,12,3
13,2024-01-15,48,17
13,2024-01-16,41,14
13,2024-01-17,44,12
13,2024-01-18,17,6
13,2024-01-19,40,13
13,2024-01-20,21,8
13,2024-01-21,34,7
13,2024-01-22,5,1
13,2024-01-23,27,8
13,2024-01-24,36,8
13,2024-01-25,40,11
13,2024-01-26,10,2
13,2024-01-27,31,9
13,2024-01-28,33,10
13,2024-01-29,30,9
13,2024-01-30,37,8
13,2024-01-31,48,9
13,2024-02-01,20,4
13,2024-02-02,24,7
13,2024-02-03,16,5
13,2024-02-04,9,3
13,2024-02-05,40,15
13,2024-02-06,48,16
13,2024-02-07,25,7
13,2024-02-08,32,10
13,2024-02-09,11,2
13,2024-02-10,63,17
13,2024-02-11,22,4
13,2024-02-12,23,6
13,2024-02-13,20,7
13,2024-02-14,46,16
13,2024-02-15,21,8
13,2024-02-16,32,10
13,2024-02-17,58,23
13,2024-02-18,73,25
13,2024-02-19,45,15
13,2024-02-20,45,11
13,2024-02-21,45,12
13,2024-02-22,42,12
13,2024-02-23,44,16
13,2024-02-24,52,15
13,2024-02-25,21,6
13,2024-02-26,43,11
13,2024-02-27,19,5
13,2024-02-28,41,15
13,2024-02-29,31,10
13,2024-03-01,30,9
13,2024-03-02,36,10
13,2024-03-03,34,11
13,2024-03-04,44,14
13,2024-03-05,35,9
13,2024-03-06,44,11
13,2024-03-07,44,16
13,2024-03-08,43,9
13,2024-03-09,48,16
13,2024-03-10,58,14
13,2024-03-11,10,2
13,2024-03-12,43,14
13,2024-03-13,31,11
13,2024-03-14,25,5
13,2024-03-15,35,10
13,2024-03-16,66,20
13,2024-03-17,7,1
13,2024-03-18,17,6
13,2024-03-19,45,14
13,2024-03-20,48,12
13,2024-03-21,17,6
13,2024-03-22,31,8
13,2024-03-23,69,21
13,2024-03-24,37,7
13,2024-03-25,25,5
13,2024-03-26,26,9
13,2024-03-27,29,7
13,2024-03-28,38,9
13,2024-03-29,45,15
13,2024-03-30,63,18
13,2024-03-31,36,12
14,2024-01-01,17,4
14,2024-01-02,23,7
14,2024-01-03,27,9
14,2024-01-04,36,9
14,2024-01-05,29,11
14,2024-01-06,16,5
14,2024-01-07,27,6
14,2024-01-08,21,6
14,2024-01-09,8,2
14,2024-01-10,23,4
14,2024-01-11,10,2
14,2024-01-12,32,11
14,2024-01-13,48,16
14,2024-01-14,63,16
14,2024-01-15,21,6
14,2024-01-16,5,1
14,2024-01-17,45,12
14,2024-01-18,29,10
14,2024-01-19,35,7
14,2024-01-20,12,3
14,2024-01-21,61,14
14,2024-01-22,18,4
14,2024-01-23,13,3
14,2024-01-24,29,7
14,2024-01-25,17,6
14,2024-01-26,21,5
14,2024-01-27,55,13
14,2024-01-28,54,19
14,2024-01-29,26,8
14,2024-01-30,42,13
14,2024-01-31,11,3
14,2024-02-01,30,8
14,2024-02-02,10,2
14,2024-02-03,28,10
14,2024-02-04,12,4
14,2024-02-05,13,3
14,2024-02-06,46,17
14,2024-02-07,32,10
14,2024-02-08,19,5
14,2024-02-09,13,4
14,2024-02-10,40,13
14,2024-02-11,9,2
14,2024-02-12,36,13
14,2024-02-13,48,13
14,2024-02-14,34,7
14,2024-02-15,14,5
14,2024-02-16,24,5
14,2024-02-17,15,3
14,2024-02-18,9,2
14,2024-02-19,15,5
14,2024-02-20,41,10
14,2024-02-21,41,10
14,2024-02-22,17,6
14,2024-02-23,22,7
14,2024-02-24,28,10
14,2024-02-25,25,5
14,2024-02-26,26,6
14,2024-02-27,15,3
14,2024-02-28,9,3
14,2024-02-29,29,10
14,2024-03-01,40,12
14,2024-03-02,15,4
14,2024-03-03,42,12
14,2024-03-04,11,2
14,2024-03-05,38,9
14,2024-03-06,14,5
14,2024-03-07,41,11
14,2024-03-08,45,9
14,2024-03-09,46,17
14,2024-03-10,34,10
14,2024-03-11,49,16
14,2024-03-12,49,14
14,2024-03-13,18,3
14,2024-03-14,48,14
14,2024-03-15,6,1
14,2024-03-16,69,26
14,2024-03-17,28,9
14,2024-03-18,17,6
14,2024-03-19,5,1
14,2024-03-20,38,9
14,2024-03-21,47,16
14,2024-03-22,10,2
14,2024-03-23,7,2
14,2024-03-24,22,7
14,2024-03-25,27,8
14,2024-03-26,15,4
14,2024-03-27,43,15
14,2024-03-28,27,7
14,2024-03-29,5,1
14,2024-03-30,67,22
14,2024-03-31,19,5
15,2024-01-01,26,9
15,2024-01-02,6,1
15,2024-01-03,22,7
15,2024-01-04,29,6
15,2024-01-05,6,1
15,2024-01-06,64,24
15,2024-01-07,21,8
15,2024-01-08,24,7
15,2024-01-09,28,10
15,2024-01-10,27,9
15,2024-01-11,13,4
15,2024-01-12,17,3
15,2024-01-13,13,4
15,2024-01-14,57,11
15,2024-01-15,13,4
15,2024-01-16,6,1
15,2024-01-17,44,9
15,2024-01-18,23,5
15,2024-01-19,15,3
15,2024-01-20,45,12
15,2024-01-21,28,9
15,2024-01-22,46,12
15,2024-01-23,18,3
15,2024-01-24,25,9
15,2024-01-25,31,11
15,2024-01-26,10,3
15,2024-01-27,46,10
15,2024-01-28,19,4
15,2024-01-29,17,5
15,2024-01-30,47,13
15,2024-01-31,33,10
15,2024-02-01,7,2
15,2024-02-02,19,6
15,2024-02-03,55,16
15,2024-02-04,48,16
15,2024-02-05,39,14
15,2024-02-06,36,14
15,2024-02-07,9,1
15,2024-02-08,6,1
15,2024-02-09,28,6
15,2024-02-10,60,12
15,2024-02-11,67,17
15,2024-02-12,39,11
15,2024-02-13,14,3
15,2024-02-14,26,10
15,2024-02-15,27,6
15,2024-02-16,18,4
15,2024-02-17,34,7
15,2024-02-18,31,9
15,2024-02-19,6,2
15,2024-02-20,20,7
15,2024-02-21,32,11
15,2024-02-22,29,6
15,2024-02-23,9,2
15,2024-02-24,37,11
15,2024-02-25,70,18
15,2024-02-26,48,16
15,2024-02-27,5,1
15,2024-02-28,26,6
15,2024-02-29,8,1
15,2024-03-01,6,1
15,2024-03-02,51,19
15,2024-03-03,72,20
15,2024-03-04,22,4
15,2024-03-05,35,7
15,2024-03-06,18,4
15,2024-03-07,32,12
15,2024-03-08,24,8
15,2024-03-09,46,18
15,2024-03-10,31,7
15,2024-03-11,35,7
15,2024-03-12,16,4
15,2024-03-13,48,12
15,2024-03-14,31,9
15,2024-03-15,26,6
15,2024-03-16,12,4
15,2024-03-17,51,19
15,2024-03-18,33,12
15,2024-03-19,46,11
15,2024-03-20,31,9
15,2024-03-21,43,12
15,2024-03-22,19,4
15,2024-03-23,42,15
15,2024-03-24,19,5
15,2024-03-25,8,2
15,2024-03-26,33,12
15,2024-03-27,19,5
15,2024-03-28,10,3
15,2024-03-29,45,17
15,2024-03-30,34,7
15,2024-03-31,39,13
16,2024-01-01,6,1
16,2024-01-02,47,14
16,2024-01-03,31,7
16,2024-01-04,12,3
16,2024-01-05,26,6
16,2024-01-06,13,4
16,2024-01-07,67,22
16,2024-01-08,24,8
16,2024-01-09,37,11
16,2024-01-10,7,2
16,2024-01-11,46,10
16,2024-01-12,28,5
16,2024-01-13,39,10
16,2024-01-14,57,16
16,2024-01-15,47,11
16,2024-01-16,11,2
16,2024-01-17,26,5
16,2024-01-18,45,14
16,2024-01-19,47,10
16,2024-01-20,61,24
16,2024-01-21,12,4
16,2024-01-22,7,2
16,2024-01-23,42,16
16,2024-01-24,37,13
16,2024-01-25,25,7
16,2024-01-26,14,3
16,2024-01-27,12,4
16,2024-01-28,60,12
16,2024-01-29,49,19
16,2024-01-30,5,1
16,2024-01-31,7,2
16,2024-02-01,39,9
16,2024-02-02,19,5
16,2024-02-03,63,18
16,2024-02-04,60,23
16,2024-02-05,26,7
16,2024-02-06,9,2
16,2024-02-07,8,2
16,2024-02-08,20,4
16,2024-02-09,24,8
16,2024-02-10,37,13
16,2024-02-11,28,6
16,2024-02-12,15,3
16,2024-02-13,5,1
16,2024-02-14,16,5
16,2024-02-15,20,7
16,2024-02-16,13,3
16,2024-02-17,45,10
16,2024-02-18,31,7
16,2024-02-19,30,11
16,2024-02-20,8,2
16,2024-02-21,28,9
16,2024-02-22,19,4
16,2024-02-23,7,2
16,2024-02-24,63,15
16,2024-02-25,13,4
16,2024-02-26,39,15
16,2024-02-27,40,10
16,2024-02-28,19,7
16,2024-02-29,19,6
16,2024-03-01,41,13
16,2024-03-02,19,6
16,2024-03-03,33,8
16,2024-03-04,11,3
16,2024-03-05,24,5
16,2024-03-06,7,1
16,2024-03-07,43,15
16,2024-03-08,24,6
16,2024-03-09,7,1
16,2024-03-10,52,15
16,2024-03-11,22,8
16,2024-03-12,22,8
16,2024-03-13,26,9
16,2024-03-14,26,9
16,2024-03-15,23,6
16,2024-03-16,66,13
16,2024-03-17,7,2
16,2024-03-18,30,10
16,2024-03-19,8,2
16,2024-03-20,10,2
16,2024-03-21,30,6
16,2024-03-22,17,6
16,2024-03-23,55,18
16,2024-03-24,9,3
16,2024-03-25,21,4
16,2024-03-26,44,12
16,2024-03-27,5,1
16,2024-03-28,33,12
16,2024-03-29,5,1
16,2024-03-30,30,11
16,2024-03-31,51,18
17,2024-01-01,43,12
17,2024-01-02,15,3
17,2024-01-03,19,7
17,2024-01-04,27,6
17,2024-01-05,30,7
17,2024-01-06,39,15
17,2024-01-07,48,11
17,2024-01-08,18,3
17,2024-01-09,35,7
17,2024-01-10,21,6
17,2024-01-11,48,12
17,2024-01-12,9,1
17,2024-01-13,40,13
17,2024-01-14,49,16
17,2024-01-15,29,6
17,2024-01-16,28,10
17,2024-01-17,18,7
17,2024-01-18,14,3
17,2024-01-19,28,10
17,2024-01-20,30,9
17,2024-01-21,60,22
17,2024-01-22,43,10
17,2024-01-23,47,11
17,2024-01-24,13,4
17,2024-01-25,34,10
17,2024-01-26,43,8
17,2024-01-27,60,19
17,2024-01-28,15,5
17,2024-01-29,22,7
17,2024-01-30,21,6
17,2024-01-31,41,12
17,2024-02-01,20,6
17,2024-02-02,10,2
17,2024-02-03,16,3
17,2024-02-04,58,16
17,2024-02-05,46,14
17,2024-02-06,12,3
17,2024-02-07,37,11
17,2024-02-08,14,3
17,2024-02-09,40,14
17,2024-02-10,52,10
17,2024-02-11,66,17
17,2024-02-12,49,16
17,2024-02-13,32,7
17,2024-02-14,18,4
17,2024-02-15,46,16
17,2024-02-16,29,11
17,2024-02-17,22,6
17,2024-02-18,37,9
17,2024-02-19,23,7
17,2024-02-20,9,1
17,2024-02-21,20,4
17,2024-02-22,38,12
17,2024-02-23,37,13
17,2024-02-24,34,10
17,2024-02-25,54,21
17,2024-02-26,23,5
17,2024-02-27,19,3
17,2024-02-28,13,4
17,2024-02-29,18,6
17,2024-03-01,46,13
17,2024-03-02,40,8
17,2024-03-03,34,11
17,2024-03-04,29,7
17,2024-03-05,32,9
17,2024-03-06,7,2
17,2024-03-07,45,10
17,2024-03-08,5,1
17,2024-03-09,7,1
17,2024-03-10,60,23
17,2024-03-11,38,8
17,2024-03-12,38,11
17,2024-03-13,38,14
17,2024-03-14,6,2
17,2024-03-15,48,10
17,2024-03-16,21,4
17,2024-03-17,25,7
17,2024-03-18,15,4
17,2024-03-19,36,8
17,2024-03-20,46,16
17,2024-03-21,44,14
17,2024-03-22,36,12
17,2024-03-23,34,9
17,2024-03-24,73,18
17,2024-03-25,40,9
17,2024-03-26,30,8
17,2024-03-27,9,3
17,2024-03-28,5,1
17,2024-03-29,15,5
17,2024-03-30,27,5
17,2024-03-31,64,15
18,2024-01-01,20,5
18,2024-01-02,15,4
18,2024-01-03,31,11
18,2024-01-04,28,9
18,2024-01-05,26,10
18,2024-01-06,45,16
18,2024-01-07,30,6
18,2024-01-08,23,6
18,2024-01-09,12,2
18,2024-01-10,26,5
18,2024-01-11,40,8
18,2024-01-12,16,5
18,2024-01-13,34,13
18,2024-01-14,40,11
18,2024-01-15,28,8
18,2024-01-16,14,3
18,2024-01-17,13,2
18,2024-01-18,32,7
18,2024-01-19,14,3
18,2024-01-20,67,16
18,2024-01-21,73,22
18,2024-01-22,19,5
18,2024-01-23,25,7
18,2024-01-24,15,5
18,2024-01-25,34,13
18,2024-01-26,34,12
18,2024-01-27,57,12
18,2024-01-28,66,22
18,2024-01-29,11,4
18,2024-01-30,32,12
18,2024-01-31,13,2
18,2024-02-01,49,14
18,2024-02-02,39,8
18,2024-02-03,28,7
18,2024-02-04,18,5
18,2024-02-05,7,1
18,2024-02-06,7,1
18,2024-02-07,38,7
18,2024-02-08,32,8
18,2024-02-09,47,17
18,2024-02-10,73,25
18,2024-02-11,7,2
18,2024-02-12,6,1
18,2024-02-13,7,2
18,2024-02-14,40,10
18,2024-02-15,16,3
18,2024-02-16,22,8
18,2024-02-17,12,3
18,2024-02-18,66,22
18,2024-02-19,34,9
18,2024-02-20,49,18
18,2024-02-21,26,5
18,2024-02-22,41,13
18,2024-02-23,38,14
18,2024-02-24,52,18
18,2024-02-25,69,22
18,2024-02-26,31,8
18,2024-02-27,43,10
18,2024-02-28,48,16
18,2024-02-29,22,7
18,2024-03-01,44,11
18,2024-03-02,58,17
18,2024-03-03,52,18
18,2024-03-04,41,11
18,2024-03-05,14,4
18,2024-03-06,24,5
18,2024-03-07,13,3
18,2024-03-08,8,2
18,2024-03-09,52,18
18,2024-03-10,25,5
18,2024-03-11,48,18
18,2024-03-12,15,4
18,2024-03-13,46,14
18,2024-03-14,48,14
18,2024-03-15,30,7
18,2024-03-16,36,9
18,2024-03-17,18,6
18,2024-03-18,17,5
18,2024-03-19,24,7
18,2024-03-20,7,2
18,2024-03-21,41,12
18,2024-03-22,38,8
18,2024-03-23,64,18
18,2024-03-24,36,7
18,2024-03-25,12,2
18,2024-03-26,31,9
18,2024-03-27,47,15
18,2024-03-28,30,10
18,2024-03-29,14,5
18,2024-03-30,70,15
18,2024-03-31,42,10
19,2024-01-01,15,3
19,2024-01-02,31,11
19,2024-01-03,18,4
19,2024-01-04,12,4
19,2024-01-05,5,1
19,2024-01-06,58,14
19,2024-01-07,48,18
19,2024-01-08,11,3
19,2024-01-09,16,3
19,2024-01-10,49,19
19,2024-01-11,26,6
19,2024-01-12,17,4
19,2024-01-13,39,13
19,2024-01-14,58,22
19,2024-01-15,8,2
19,2024-01-16,40,8
19,2024-01-17,44,17
19,2024-01-18,41,9
19,2024-01-19,48,13
19,2024-01-20,54,12
19,2024-01-21,21,5
19,2024-01-22,11,2
19,2024-01-23,18,3
19,2024-01-24,28,7
19,2024-01-25,11,3
19,2024-01-26,28,10
19,2024-01-27,66,23
19,2024-01-28,73,14
19,2024-01-29,6,2
19,2024-01-30,36,9
19,2024-01-31,49,18
19,2024-02-01,25,7
19,2024-02-02,21,8
19,2024-02-03,37,14
19,2024-02-04,13,3
19,2024-02-05,41,13
19,2024-02-06,16,5
19,2024-02-07,5,1
19,2024-02-08,47,12
19,2024-02-09,48,15
19,2024-02-10,54,15
19,2024-02-11,67,26
19,2024-02-12,10,3
19,2024-02-13,48,15
19,2024-02-14,20,7
19,2024-02-15,44,14
19,2024-02-16,13,4
19,2024-02-17,24,8
19,2024-02-18,28,7
19,2024-02-19,48,12
19,2024-02-20,38,13
19,2024-02-21,45,10
19,2024-02-22,20,7
19,2024-02-23,48,11
19,2024-02-24,67,22
19,2024-02-25,16,6
19,2024-02-26,33,10
19,2024-02-27,18,3
19,2024-02-28,39,7
19,2024-02-29,8,3
19,2024-03-01,14,3
19,2024-03-02,55,19
19,2024-03-03,67,16
19,2024-03-04,11,2
19,2024-03-05,26,7
19,2024-03-06,41,8
19,2024-03-07,8,2
19,2024-03-08,15,4
19,2024-03-09,46,14
19,2024-03-10,63,20
19,2024-03-11,34,11
19,2024-03-12,19,5
19,2024-03-13,17,5
19,2024-03-14,13,2
19,2024-03-15,46,16
19,2024-03-16,27,8
19,2024-03-17,64,13
19,2024-03-18,12,2
19,2024-03-19,19,5
19,2024-03-20,19,6
19,2024-03-21,37,13
19,2024-03-22,11,2
19,2024-03-23,54,15
19,2024-03-24,15,4
19,2024-03-25,15,5
19,2024-03-26,47,11
19,2024-03-27,13,3
19,2024-03-28,8,2
19,2024-03-29,24,7
19,2024-03-30,52,11
19,2024-03-31,27,10
20,2024-01-01,40,10
20,2024-01-02,40,10
20,2024-01-03,37,9
20,2024-01-04,15,4
20,2024-01-05,23,7
20,2024-01-06,69,17
20,2024-01-07,70,19
20,2024-01-08,10,3
20,2024-01-09,11,2
20,2024-01-10,37,11
20,2024-01-11,46,16
20,2024-01-12,37,7
20,2024-01-13,52,19
20,2024-01-14,36,8
20,2024-01-15,35,9
20,2024-01-16,14,4
20,2024-01-17,46,13
20,2024-01-18,47,10
20,2024-01-19,28,11
20,2024-01-20,21,4
20,2024-01-21,57,13
20,2024-01-22,10,2
20,2024-01-23,28,9
20,2024-01-24,42,12
20,2024-01-25,34,8
20,2024-01-26,14,3
20,2024-01-27,72,14
20,2024-01-28,67,26
20,2024-01-29,17,3
20,2024-01-30,46,10
20,2024-01-31,44,13
20,2024-02-01,37,14
20,2024-02-02,14,3
20,2024-02-03,51,15
20,2024-02-04,67,17
20,2024-02-05,5,1
20,2024-02-06,5,1
20,2024-02-07,27,9
20,2024-02-08,7,2
20,2024-02-09,6,1
20,2024-02-10,27,9
20,2024-02-11,61,17
20,2024-02-12,26,6
20,2024-02-13,37,9
20,2024-02-14,31,10
20,2024-02-15,8,2
20,2024-02-16,33,10
20,2024-02-17,18,5
20,2024-02-18,9,3
20,2024-02-19,29,8
20,2024-02-20,44,13
20,2024-02-21,24,8
20,2024-02-22,15,5
20,2024-02-23,18,3
20,2024-02-24,37,9
20,2024-02-25,9,2
20,2024-02-26,28,5
20,2024-02-27,38,14
20,2024-02-28,46,15
20,2024-02-29,26,9
20,2024-03-01,46,10
20,2024-03-02,16,3
20,2024-03-03,36,14
20,2024-03-04,35,13
20,2024-03-05,5,1
20,2024-03-06,5,1
20,2024-03-07,7,2
20,2024-03-08,33,7
20,2024-03-09,43,9
20,2024-03-10,66,20
20,2024-03-11,6,1
20,2024-03-12,6,1
20,2024-03-13,41,10
20,2024-03-14,18,4
20,2024-03-15,33,13
20,2024-03-16,54,11
20,2024-03-17,63,14
20,2024-03-18,39,11
20,2024-03-19,25,6
20,2024-03-20,15,4
20,2024-03-21,28,9
20,2024-03-22,41,9
20,2024-03-23,66,24
20,2024-03-24,15,4
20,2024-03-25,7,1
20,2024-03-26,6,1
20,2024-03-27,49,12
20,2024-03-28,5,1
20,2024-03-29,22,7
20,2024-03-30,43,13
20,2024-03-31,30,10
21,2024-01-01,43,15
21,2024-01-02,28,6
21,2024-01-03,22,6
21,2024-01-04,21,4
21,2024-01-05,9,2
21,2024-01-06,51,14
21,2024-01-07,46,16
21,2024-01-08,6,2
21,2024-01-09,45,12
21,2024-01-10,27,5
21,2024-01-11,29,8
21,2024-01-12,20,7
21,2024-01-13,69,19
21,2024-01-14,57,22
21,2024-01-15,17,6
21,2024-01-16,28,6
21,2024-01-17,24,8
21,2024-01-18,14,5
21,2024-01-19,31,6
21,2024-01-20,21,4
21,2024-01-21,52,16
21,2024-01-22,48,17
21,2024-01-23,7,1
21,2024-01-24,23,8
21,2024-01-25,30,7
21,2024-01-26,37,11
21,2024-01-27,55,15
21,2024-01-28,43,10
21,2024-01-29,44,11
21,2024-01-30,6,1
21,2024-01-31,29,8
21,2024-02-01,32,9
21,2024-02-02,32,12
21,2024-02-03,73,15
21,2024-02-04,16,4
21,2024-02-05,21,5
21,2024-02-06,6,1
21,2024-02-07,17,4
21,2024-02-08,17,6
21,2024-02-09,15,3
21,2024-02-10,9,3
21,2024-02-11,48,12
21,2024-02-12,28,8
21,2024-02-13,38,10
21,2024-02-14,45,16
21,2024-02-15,9,3
21,2024-02-16,39,12
21,2024-02-17,69,21
21,2024-02-18,16,5
21,2024-02-19,16,5
21,2024-02-20,32,9
21,2024-02-21,43,8
21,2024-02-22,43,10
21,2024-02-23,46,17
21,2024-02-24,57,11
21,2024-02-25,72,22
21,2024-02-26,25,7
21,2024-02-27,21,8
21,2024-02-28,31,8
21,2024-02-29,25,5
21,2024-03-01,14,3
21,2024-03-02,45,15
21,2024-03-03,36,9
21,2024-03-04,33,11
21,2024-03-05,48,15
21,2024-03-06,23,8
21,2024-03-07,18,6
21,2024-03-08,20,6
21,2024-03-09,73,18
21,2024-03-10,54,11
21,2024-03-11,35,12
21,2024-03-12,17,4
21,2024-03-13,25,7
21,2024-03-14,15,4
21,2024-03-15,5,1
21,2024-03-16,7,2
21,2024-03-17,60,20
21,2024-03-18,19,4
21,2024-03-19,36,9
21,2024-03-20,10,2
21,2024-03-21,33,7
21,2024-03-22,21,6
21,2024-03-23,18,6
21,2024-03-24,67,23
21,2024-03-25,18,6
21,2024-03-26,12,3
21,2024-03-27,23,6
21,2024-03-28,46,17
21,2024-03-29,38,11
21,2024-03-30,72,19
21,2024-03-31,45,9
22,2024-01-01,41,11
22,2024-01-02,13,4
22,2024-01-03,33,12
22,2024-01-04,27,6
22,2024-01-05,45,14
22,2024-01-06,46,9
22,2024-01-07,28,5
22,2024-01-08,40,15
22,2024-01-09,35,12
22,2024-01-10,36,12
22,2024-01-11,10,3
22,2024-01-12,17,6
22,2024-01-13,61,21
22,2024-01-14,72,21
22,2024-01-15,40,12
22,2024-01-16,21,8
22,2024-01-17,37,13
22,2024-01-18,43,9
22,2024-01-19,38,9
22,2024-01-20,39,8
22,2024-01-21,39,15
22,2024-01-22,43,13
22,2024-01-23,45,15
22,2024-01-24,29,7
22,2024-01-25,32,8
22,2024-01-26,6,1
22,2024-01-27,36,13
22,2024-01-28,72,26
22,2024-01-29,22,6
22,2024-01-30,27,8
22,2024-01-31,37,12
22,2024-02-01,39,8
22,2024-02-02,5,1
22,2024-02-03,69,21
22,2024-02-04,13,4
22,2024-02-05,20,5
22,2024-02-06,29,11
22,2024-02-07,11,3
22,2024-02-08,24,7
22,2024-02-09,46,11
22,2024-02-10,9,3
22,2024-02-11,61,14
22,2024-02-12,5,1
22,2024-02-13,36,10
22,2024-02-14,46,18
22,2024-02-15,18,5
22,2024-02-16,45,10
22,2024-02-17,33,9
22,2024-02-18,64,25
22,2024-02-19,16,5
22,2024-02-20,15,5
22,2024-02-21,23,7
22,2024-02-22,36,8
22,2024-02-23,48,14
22,2024-02-24,21,6
22,2024-02-25,39,13
22,2024-02-26,38,13
22,2024-02-27,22,5
22,2024-02-28,22,6
22,2024-02-29,12,3
22,2024-03-01,21,4
22,2024-03-02,46,15
22,2024-03-03,27,8
22,2024-03-04,8,2
22,2024-03-05,30,11
22,2024-03-06,17,4
22,2024-03-07,31,10
22,2024-03-08,12,3
22,2024-03-09,28,6
22,2024-03-10,13,4
22,2024-03-11,45,10
22,2024-03-12,48,13
22,2024-03-13,31,7
22,2024-03-14,39,14
22,2024-03-15,25,6
22,2024-03-16,64,16
22,2024-03-17,69,22
22,2024-03-18,10,3
22,2024-03-19,27,8
22,2024-03-20,46,9
22,2024-03-21,19,7
22,2024-03-22,20,6
22,2024-03-23,48,17
22,2024-03-24,19,4
22,2024-03-25,28,8
22,2024-03-26,34,9
22,2024-03-27,40,10
22,2024-03-28,44,13
22,2024-03-29,16,4
22,2024-03-30,66,20
22,2024-03-31,19,7
23,2024-01-01,38,14
23,2024-01-02,23,5
23,2024-01-03,21,7
23,2024-01-04,48,16
23,2024-01-05,6,1
23,2024-01-06,31,11
23,2024-01-07,13,4
23,2024-01-08,18,3
23,2024-01-09,38,8
23,2024-01-10,6,1
23,2024-01-11,45,14
23,2024-01-12,24,5
23,2024-01-13,72,28
23,2024-01-14,73,16
23,2024-01-15,40,14
23,2024-01-16,27,5
23,2024-01-17,16,4
23,2024-01-18,46,13
23,2024-01-19,13,5
23,2024-01-20,27,9
23,2024-01-21,54,12
23,2024-01-22,45,10
23,2024-01-23,23,7
23,2024-01-24,25,9
23,2024-01-25,41,10
23,2024-01-26,21,8
23,2024-01-27,48,15
23,2024-01-28,7,1
23,2024-01-29,27,5
23,2024-01-30,38,14
23,2024-01-31,6,1
23,2024-02-01,27,9
23,2024-02-02,40,10
23,2024-02-03,66,18
23,2024-02-04,55,13
23,2024-02-05,22,5
23,2024-02-06,47,14
23,2024-02-07,43,15
23,2024-02-08,21,5
23,2024-02-09,43,12
23,2024-02-10,12,2
23,2024-02-11,58,13
23,2024-02-12,11,2
23,2024-02-13,35,9
23,2024-02-14,29,7
23,2024-02-15,32,8
23,2024-02-16,46,12
23,2024-02-17,16,4
23,2024-02-18,16,4
23,2024-02-19,39,9
23,2024-02-20,34,8
23,2024-02-21,19,5
23,2024-02-22,26,6
23,2024-02-23,32,7
23,2024-02-24,36,11
23,2024-02-25,69,19
23,2024-02-26,21,6
23,2024-02-27,42,15
23,2024-02-28,13,3
23,2024-02-29,11,2
23,2024-03-01,40,10
23,2024-03-02,70,24
23,2024-03-03,28,8
23,2024-03-04,22,6
23,2024-03-05,23,8
23,2024-03-06,28,9
23,2024-03-07,39,8
23,2024-03-08,35,8
23,2024-03-09,12,4
23,2024-03-10,61,23
23,2024-03-11,30,7
23,2024-03-12,17,5
23,2024-03-13,17,5
23,2024-03-14,10,3
23,2024-03-15,5,1
23,2024-03-16,70,23
23,2024-03-17,24,9
23,2024-03-18,41,15
23,2024-03-19,38,14
23,2024-03-20,6,2
23,2024-03-21,5,1
23,2024-03-22,37,10
23,2024-03-23,73,21
23,2024-03-24,52,12
23,2024-03-25,30,6
23,2024-03-26,48,17
23,2024-03-27,44,13
23,2024-03-28,21,7
23,2024-03-29,38,14
23,2024-03-30,51,19
23,2024-03-31,12,3
24,2024-01-01,13,3
24,2024-01-02,6,2
24,2024-01-03,10,2
24,2024-01-04,26,6
24,2024-01-05,43,13
24,2024-01-06,16,4
24,2024-01-07,22,8
24,2024-01-08,27,10
24,2024-01-09,42,11
24,2024-01-10,42,10
24,2024-01-11,44,10
24,2024-01-12,24,5
24,2024-01-13,70,16
24,2024-01-14,39,12
24,2024-01-15,19,5
24,2024-01-16,13,3
24,2024-01-17,8,2
24,2024-01-18,16,3
24,2024-01-19,40,10
24,2024-01-20,43,9
24,2024-01-21,36,13
24,2024-01-22,42,13
24,2024-01-23,28,10
24,2024-01-24,36,9
24,2024-01-25,25,5
24,2024-01-26,34,12
24,2024-01-27,15,4
24,2024-01-28,31,9
24,2024-01-29,13,4
24,2024-01-30,29,5
24,2024-01-31,43,8
24,2024-02-01,46,14
24,2024-02-02,10,2
24,2024-02-03,48,11
24,2024-02-04,39,8
24,2024-02-05,28,9
24,2024-02-06,16,4
24,2024-02-07,27,9
24,2024-02-08,13,2
24,2024-02-09,15,3
24,2024-02-10,46,10
24,2024-02-11,9,2
24,2024-02-12,23,5
24,2024-02-13,27,9
24,2024-02-14,41,11
24,2024-02-15,30,7
24,2024-02-16,21,7
24,2024-02-17,61,13
24,2024-02-18,49,18
24,2024-02-19,47,11
24,2024-02-20,48,11
24,2024-02-21,15,5
24,2024-02-22,13,3
24,2024-02-23,41,14
24,2024-02-24,43,14
24,2024-02-25,34,9
24,2024-02-26,11,2
24,2024-02-27,12,3
24,2024-02-28,19,4
24,2024-02-29,10,2
24,2024-03-01,12,2
24,2024-03-02,70,19
24,2024-03-03,64,23
24,2024-03-04,18,5
24,2024-03-05,17,6
24,2024-03-06,41,13
24,2024-03-07,40,11
24,2024-03-08,46,14
24,2024-03-09,66,13
24,2024-03-10,64,21
24,2024-03-11,34,12
24,2024-03-12,29,9
24,2024-03-13,13,5
24,2024-03-14,30,8
24,2024-03-15,23,5
24,2024-03-16,40,11
24,2024-03-17,22,8
24,2024-03-18,8,2
24,2024-03-19,12,3
24,2024-03-20,21,8
24,2024-03-21,31,11
24,2024-03-22,32,10
24,2024-03-23,43,13
24,2024-03-24,43,14
24,2024-03-25,23,6
24,2024-03-26,30,9
24,2024-03-27,22,4
24,2024-03-28,35,8
24,2024-03-29,19,7
24,2024-03-30,40,12
24,2024-03-31,69,26
25,2024-01-01,18,6
25,2024-01-02,49,13
25,2024-01-03,10,3
25,2024-01-04,9,2
25,2024-01-05,12,3
25,2024-01-06,60,17
25,2024-01-07,18,7
25,2024-01-08,36,11
25,2024-01-09,27,9
25,2024-01-10,41,15
25,2024-01-11,21,8
25,2024-01-12,22,6
25,2024-01-13,30,11
25,2024-01-14,43,15
25,2024-01-15,30,8
25,2024-01-16,25,7
25,2024-01-17,26,7
25,2024-01-18,19,6
25,2024-01-19,41,10
25,2024-01-20,46,12
25,2024-01-21,51,16
25,2024-01-22,36,8
25,2024-01-23,19,6
25,2024-01-24,5,1
25,2024-01-25,40,9
25,2024-01-26,42,10
25,2024-01-27,48,17
25,2024-01-28,66,16
25,2024-01-29,37,11
25,2024-01-30,31,7
25,2024-01-31,17,6
25,2024-02-01,20,6
25,2024-02-02,30,6
25,2024-02-03,19,3
25,2024-02-04,28,7
25,2024-02-05,21,7
25,2024-02-06,35,12
25,2024-02-07,40,11
25,2024-02-08,27,5
25,2024-02-09,31,9
25,2024-02-10,9,3
25,2024-02-11,15,3
25,2024-02-12,10,2
25,2024-02-13,19,4
25,2024-02-14,33,9
25,2024-02-15,6,2
25,2024-02-16,29,8
25,2024-02-17,48,10
25,2024-02-18,54,17
25,2024-02-19,23,8
25,2024-02-20,49,11
25,2024-02-21,40,8
25,2024-02-22,12,3
25,2024-02-23,7,1
25,2024-02-24,25,7
25,2024-02-25,61,19
25,2024-02-26,21,7
25,2024-02-27,29,8
25,2024-02-28,35,7
25,2024-02-29,31,7
25,2024-03-01,9,2
25,2024-03-02,7,2
25,2024-03-03,43,8
25,2024-03-04,26,5
25,2024-03-05,32,8
25,2024-03-06,21,6
25,2024-03-07,8,2
25,2024-03-08,26,6
25,2024-03-09,70,17
25,2024-03-10,70,14
25,2024-03-11,31,10
25,2024-03-12,34,6
25,2024-03-13,28,11
25,2024-03-14,33,10
25,2024-03-15,8,3
25,2024-03-16,43,13
25,2024-03-17,64,19
25,2024-03-18,12,4
25,2024-03-19,33,12
25,2024-03-20,10,3
25,2024-03-21,25,5
25,2024-03-22,13,4
25,2024-03-23,49,10
25,2024-03-24,31,8
25,2024-03-25,21,6
25,2024-03-26,9,2
25,2024-03-27,16,4
25,2024-03-28,11,2
25,2024-03-29,46,18
25,2024-03-30,72,16
25,2024-03-31,36,7
26,2024-01-01,9,2
26,2024-01-02,43,8
26,2024-01-03,49,18
26,2024-01-04,5,1
26,2024-01-05,39,14
26,2024-01-06,69,16
26,2024-01-07,34,8
26,2024-01-08,35,12
26,2024-01-09,16,4
26,2024-01-10,14,3
26,2024-01-11,46,14
26,2024-01-12,45,12
26,2024-01-13,30,10
26,2024-01-14,9,2
26,2024-01-15,24,4
26,2024-01-16,47,14
26,2024-01-17,37,10
26,2024-01-18,15,4
26,2024-01-19,10,2
26,2024-01-20,21,6
26,2024-01-21,64,23
26,2024-01-22,29,8
26,2024-01-23,23,6
26,2024-01-24,21,4
26,2024-01-25,36,11
26,2024-01-26,28,10
26,2024-01-27,36,12
26,2024-01-28,63,17
26,2024-01-29,6,2
26,2024-01-30,26,9
26,2024-01-31,30,10
26,2024-02-01,39,9
26,2024-02-02,13,4
26,2024-02-03,66,21
26,2024-02-04,25,7
26,2024-02-05,26,10
26,2024-02-06,9,2
26,2024-02-07,5,1
26,2024-02-08,10,3
26,2024-02-09,32,11
26,2024-02-10,69,27
26,2024-02-11,70,27
26,2024-02-12,22,4
26,2024-02-13,44,16
26,2024-02-14,19,4
26,2024-02-15,44,14
26,2024-02-16,26,8
26,2024-02-17,36,11
26,2024-02-18,37,10
26,2024-02-19,15,4
26,2024-02-20,14,4
26,2024-02-21,37,12
26,2024-02-22,33,11
26,2024-02-23,48,15
26,2024-02-24,19,5
26,2024-02-25,73,23
26,2024-02-26,9,3
26,2024-02-27,6,1
26,2024-02-28,6,1
26,2024-02-29,34,8
26,2024-03-01,26,7
26,2024-03-02,31,8
26,2024-03-03,73,18
26,2024-03-04,17,4
26,2024-03-05,38,13
26,2024-03-06,23,9
26,2024-03-07,7,1
26,2024-03-08,27,8
26,2024-03-09,67,14
26,2024-03-10,67,17
26,2024-03-11,46,13
26,2024-03-12,20,6
26,2024-03-13,33,9
26,2024-03-14,24,4
26,2024-03-15,29,11
26,2024-03-16,49,15
26,2024-03-17,55,11
26,2024-03-18,40,12
26,2024-03-19,5,1
26,2024-03-20,14,4
26,2024-03-21,15,3
26,2024-03-22,20,4
26,2024-03-23,13,2
26,2024-03-24,30,11
26,2024-03-25,8,1
26,2024-03-26,12,4
26,2024-03-27,49,12
26,2024-03-28,16,3
26,2024-03-29,43,13
26,2024-03-30,45,15
26,2024-03-31,18,6
27,2024-01-01,12,2
27,2024-01-02,31,8
27,2024-01-03,24,6
27,2024-01-04,43,16
27,2024-01-05,47,10
27,2024-01-06,36,9
27,2024-01-07,19,4
27,2024-01-08,20,4
27,2024-01-09,38,9
27,2024-01-10,45,10
27,2024-01-11,24,5
27,2024-01-12,37,11
27,2024-01-13,61,14
27,2024-01-14,7,2
27,2024-01-15,47,13
27,2024-01-16,36,8
27,2024-01-17,16,5
27,2024-01-18,39,9
27,2024-01-19,5,1
27,2024-01-20,21,5
27,2024-01-21,34,12
27,2024-01-22,47,14
27,2024-01-23,31,6
27,2024-01-24,6,2
27,2024-01-25,22,7
27,2024-01-26,11,2
27,2024-01-27,46,17
27,2024-01-28,66,23
27,2024-01-29,40,11
27,2024-01-30,8,2
27,2024-01-31,16,3
27,2024-02-01,24,8
27,2024-02-02,6,1
27,2024-02-03,61,17
27,2024-02-04,51,19
27,2024-02-05,44,9
27,2024-02-06,46,12
27,2024-02-07,10,2
27,2024-02-08,32,7
27,2024-02-09,29,10
27,2024-02-10,16,3
27,2024-02-11,73,22
27,2024-02-12,17,5
27,2024-02-13,24,5
27,2024-02-14,11,2
27,2024-02-15,12,3
27,2024-02-16,19,5
27,2024-02-17,27,9
27,2024-02-18,34,7
27,2024-02-19,41,9
27,2024-02-20,47,15
27,2024-02-21,17,4
27,2024-02-22,39,7
27,2024-02-23,44,15
27,2024-02-24,40,13
27,2024-02-25,43,13
27,2024-02-26,44,15
27,2024-02-27,33,8
27,2024-02-28,12,3
27,2024-02-29,20,4
27,2024-03-01,29,7
27,2024-03-02,16,5
27,2024-03-03,12,3
27,2024-03-04,8,2
27,2024-03-05,23,9
27,2024-03-06,13,4
27,2024-03-07,28,10
27,2024-03-08,19,5
27,2024-03-09,42,15
27,2024-03-10,9,3
27,2024-03-11,11,3
27,2024-03-12,40,11
27,2024-03-13,27,6
27,2024-03-14,17,5
27,2024-03-15,27,7
27,2024-03-16,27,6
27,2024-03-17,12,2
27,2024-03-18,35,9
27,2024-03-19,9,2
27,2024-03-20,49,16
27,2024-03-21,49,19
27,2024-03-22,31,9
27,2024-03-23,66,25
27,2024-03-24,58,16
27,2024-03-25,10,2
27,2024-03-26,41,10
27,2024-03-27,22,4
27,2024-03-28,21,4
27,2024-03-29,26,6
27,2024-03-30,36,13
27,2024-03-31,37,7
28,2024-01-01,14,3
28,2024-01-02,35,12
28,2024-01-03,7,1
28,2024-01-04,26,9
28,2024-01-05,25,6
28,2024-01-06,64,17
28,2024-01-07,57,16
28,2024-01-08,37,10
28,2024-01-09,15,5
28,2024-01-10,12,4
28,2024-01-11,13,3
28,2024-01-12,48,19
28,2024-01-13,70,16
28,2024-01-14,60,19
28,2024-01-15,46,17
28,2024-01-16,23,6
28,2024-01-17,20,5
28,2024-01-18,37,11
28,2024-01-19,8,1
28,2024-01-20,51,14
28,2024-01-21,45,12
28,2024-01-22,20,6
28,2024-01-23,6,2
28,2024-01-24,23,8
28,2024-01-25,17,5
28,2024-01-26,31,9
28,2024-01-27,54,20
28,2024-01-28,42,16
28,2024-01-29,36,11
28,2024-01-30,22,5
28,2024-01-31,22,6
28,2024-02-01,32,8
28,2024-02-02,34,13
28,2024-02-03,27,9
28,2024-02-04,12,2
28,2024-02-05,35,11
28,2024-02-06,18,4
28,2024-02-07,19,3
28,2024-02-08,39,14
28,2024-02-09,30,8
28,2024-02-10,49,11
28,2024-02-11,19,5
28,2024-02-12,12,4
28,2024-02-13,10,3
28,2024-02-14,17,3
28,2024-02-15,13,3
28,2024-02-16,24,9
28,2024-02-17,16,3
28,2024-02-18,57,22
28,2024-02-19,19,5
28,2024-02-20,11,3
28,2024-02-21,6,1
28,2024-02-22,40,15
28,2024-02-23,22,6
28,2024-02-24,48,15
28,2024-02-25,21,5
28,2024-02-26,19,6
28,2024-02-27,20,4
28,2024-02-28,44,10
28,2024-02-29,40,12
28,2024-03-01,5,1
28,2024-03-02,33,7
28,2024-03-03,52,15
28,2024-03-04,31,9
28,2024-03-05,39,11
28,2024-03-06,45,17
28,2024-03-07,17,4
28,2024-03-08,35,13
28,2024-03-09,43,15
28,2024-03-10,61,20
28,2024-03-11,9,2
28,2024-03-12,15,5
28,2024-03-13,28,7
28,2024-03-14,7,1
28,2024-03-15,23,7
28,2024-03-16,16,6
28,2024-03-17,63,21
28,2024-03-18,37,9
28,2024-03-19,35,8
28,2024-03-20,44,13
28,2024-03-21,34,9
28,2024-03-22,11,3
28,2024-03-23,57,17
28,2024-03-24,25,9
28,2024-03-25,40,11
28,2024-03-26,7,2
28,2024-03-27,15,3
28,2024-03-28,46,9
28,2024-03-29,14,3
28,2024-03-30,31,8
28,2024-03-31,43,10
29,2024-01-01,20,7
29,2024-01-02,30,9
29,2024-01-03,21,5
29,2024-01-04,12,3
29,2024-01-05,42,9
29,2024-01-06,60,15
29,2024-01-07,43,13
29,2024-01-08,19,4
29,2024-01-09,15,3
29,2024-01-10,25,6
29,2024-01-11,6,1
29,2024-01-12,26,6
29,2024-01-13,54,15
29,2024-01-14,16,4
29,2024-01-15,25,5
29,2024-01-16,16,5
29,2024-01-17,29,8
29,2024-01-18,24,7
29,2024-01-19,42,13
29,2024-01-20,24,6
29,2024-01-21,42,9
29,2024-01-22,48,13
29,2024-01-23,26,8
29,2024-01-24,47,12
29,2024-01-25,34,7
29,2024-01-26,32,8
29,2024-01-27,54,18
29,2024-01-28,21,6
29,2024-01-29,13,4
29,2024-01-30,27,9
29,2024-01-31,38,14
29,2024-02-01,30,11
29,2024-02-02,20,5
29,2024-02-03,31,12
29,2024-02-04,22,8
29,2024-02-05,36,12
29,2024-02-06,18,4
29,2024-02-07,15,4
29,2024-02-08,25,6
29,2024-02-09,38,13
29,2024-02-10,13,4
29,2024-02-11,15,4
29,2024-02-12,7,2
29,2024-02-13,45,17
29,2024-02-14,24,7
29,2024-02-15,20,5
29,2024-02-16,6,1
29,2024-02-17,16,3
29,2024-02-18,42,13
29,2024-02-19,13,5
29,2024-02-20,7,1
29,2024-02-21,43,14
29,2024-02-22,37,14
29,2024-02-23,44,15
29,2024-02-24,18,4
29,2024-02-25,15,5
29,2024-02-26,5,1
29,2024-02-27,18,4
29,2024-02-28,6,1
29,2024-02-29,30,9
29,2024-03-01,39,10
29,2024-03-02,60,13
29,2024-03-03,24,9
29,2024-03-04,35,11
29,2024-03-05,46,15
29,2024-03-06,20,4
29,2024-03-07,24,6
29,2024-03-08,15,3
29,2024-03-09,64,17
29,2024-03-10,66,23
29,2024-03-11,40,9
29,2024-03-12,33,7
29,2024-03-13,45,11
29,2024-03-14,47,17
29,2024-03-15,20,4
29,2024-03-16,21,4
29,2024-03-17,22,8
29,2024-03-18,36,7
29,2024-03-19,32,10
29,2024-03-20,49,19
29,2024-03-21,48,17
29,2024-03-22,33,10
29,2024-03-23,34,7
29,2024-03-24,54,16
29,2024-03-25,35,9
29,2024-03-26,12,4
29,2024-03-27,18,6
29,2024-03-28,7,1
29,2024-03-29,16,4
29,2024-03-30,72,20
29,2024-03-31,63,13
30,2024-01-01,23,7
30,2024-01-02,15,4
30,2024-01-03,46,13
30,2024-01-04,30,9
30,2024-01-05,17,6
30,2024-01-06,21,5
30,2024-01-07,36,13
30,2024-01-08,43,10
30,2024-01-09,43,15
30,2024-01-10,41,8
30,2024-01-11,40,9
30,2024-01-12,22,8
30,2024-01-13,55,17
30,2024-01-14,45,10
30,2024-01-15,44,14
30,2024-01-16,33,12
30,2024-01-17,42,9
30,2024-01-18,34,10
30,2024-01-19,13,4
30,2024-01-20,34,10
30,2024-01-21,54,13
30,2024-01-22,19,3
30,2024-01-23,39,12
30,2024-01-24,16,4
30,2024-01-25,30,10
30,2024-01-26,14,5
30,2024-01-27,73,18
30,2024-01-28,64,13
30,2024-01-29,42,11
30,2024-01-30,5,1
30,2024-01-31,14,5
30,2024-02-01,24,6
30,2024-02-02,23,6
30,2024-02-03,19,5
30,2024-02-04,66,22
30,2024-02-05,21,5
30,2024-02-06,44,9
30,2024-02-07,34,12
30,2024-02-08,22,5
30,2024-02-09,10,3
30,2024-02-10,19,3
30,2024-02-11,51,12
30,2024-02-12,16,5
30,2024-02-13,22,4
30,2024-02-14,13,2
30,2024-02-15,36,12
30,2024-02-16,14,3
30,2024-02-17,70,25
30,2024-02-18,42,10
30,2024-02-19,18,5
30,2024-02-20,36,11
30,2024-02-21,22,7
30,2024-02-22,15,5
30,2024-02-23,21,4
30,2024-02-24,51,10
30,2024-02-25,52,11
30,2024-02-26,39,15
30,2024-02-27,16,5
30,2024-02-28,43,14
30,2024-02-29,17,4
30,2024-03-01,17,4
30,2024-03-02,16,3
30,2024-03-03,39,8
30,2024-03-04,5,1
30,2024-03-05,18,5
30,2024-03-06,37,13
30,2024-03-07,17,6
30,2024-03-08,18,6
30,2024-03-09,64,21
30,2024-03-10,37,8
30,2024-03-11,48,18
30,2024-03-12,47,14
30,2024-03-13,27,8
30,2024-03-14,33,7
30,2024-03-15,26,9
30,2024-03-16,48,18
30,2024-03-17,27,9
30,2024-03-18,40,11
30,2024-03-19,38,15
30,2024-03-20,38,14
30,2024-03-21,23,5
30,2024-03-22,48,12
30,2024-03-23,13,3
30,2024-03-24,28,9
30,2024-03-25,46,15
30,2024-03-26,13,3
30,2024-03-27,18,6
30,2024-03-28,20,6
30,2024-03-29,42,8
30,2024-03-30,49,15
30,2024-03-31,42,16
31,2024-01-01,36,12
31,2024-01-02,29,11
31,2024-01-03,13,2
31,2024-01-04,9,3
31,2024-01-05,6,1
31,2024-01-06,67,26
31,2024-01-07,60,16
31,2024-01-08,26,7
31,2024-01-09,10,2
31,2024-01-10,38,9
31,2024-01-11,36,8
31,2024-01-12,23,6
31,2024-01-13,40,12
31,2024-01-14,43,11
31,2024-01-15,38,10
31,2024-01-16,13,4
31,2024-01-17,48,10
31,2024-01-18,21,4
31,2024-01-19,49,13
31,2024-01-20,9,2
31,2024-01-21,46,14
31,2024-01-22,17,3
31,2024-01-23,46,10
31,2024-01-24,27,8
31,2024-01-25,5,1
31,2024-01-26,6,2
31,2024-01-27,13,3
31,2024-01-28,7,1
31,2024-01-29,30,11
31,2024-01-30,30,11
31,2024-01-31,43,16
31,2024-02-01,42,14
31,2024-02-02,34,12
31,2024-02-03,51,14
31,2024-02-04,9,3
31,2024-02-05,34,12
31,2024-02-06,45,17
31,2024-02-07,30,11
31,2024-02-08,15,3
31,2024-02-09,30,11
31,2024-02-10,54,14
31,2024-02-11,12,4
31,2024-02-12,12,2
31,2024-02-13,20,4
31,2024-02-14,8,1
31,2024-02-15,37,10
31,2024-02-16,42,12
31,2024-02-17,55,18
31,2024-02-18,22,7
31,2024-02-19,22,8
31,2024-02-20,14,4
31,2024-02-21,38,8
31,2024-02-22,7,2
31,2024-02-23,32,7
31,2024-02-24,12,4
31,2024-02-25,21,4
31,2024-02-26,34,9
31,2024-02-27,28,9
31,2024-02-28,45,17
31,2024-02-29,27,6
31,2024-03-01,6,1
31,2024-03-02,73,20
31,2024-03-03,52,19
31,2024-03-04,33,8
31,2024-03-05,48,19
31,2024-03-06,41,10
31,2024-03-07,47,17
31,2024-03-08,45,12
31,2024-03-09,33,10
31,2024-03-10,58,11
31,2024-03-11,14,4
31,2024-03-12,24,7
31,2024-03-13,15,3
31,2024-03-14,8,2
31,2024-03-15,33,10
31,2024-03-16,46,16
31,2024-03-17,28,9
31,2024-03-18,29,7
31,2024-03-19,27,6
31,2024-03-20,14,3
31,2024-03-21,19,6
31,2024-03-22,43,12
31,2024-03-23,64,23
31,2024-03-24,46,17
31,2024-03-25,31,8
31,2024-03-26,42,12
31,2024-03-27,17,4
31,2024-03-28,40,12
31,2024-03-29,28,10
31,2024-03-30,58,18
31,2024-03-31,63,17
32,2024-01-01,30,7
32,2024-01-02,27,10
32,2024-01-03,11,2
32,2024-01-04,19,5
32,2024-01-05,20,4
32,2024-01-06,63,17
32,2024-01-07,13,2
32,2024-01-08,16,5
32,2024-01-09,48,19
32,2024-01-10,18,4
32,2024-01-11,36,10
32,2024-01-12,39,11
32,2024-01-13,69,22
32,2024-01-14,27,7
32,2024-01-15,11,2
32,2024-01-16,16,4
32,2024-01-17,10,3
32,2024-01-18,38,12
32,2024-01-19,12,3
32,2024-01-20,63,20
32,2024-01-21,10,2
32,2024-01-22,8,2
32,2024-01-23,21,7
32,2024-01-24,17,4
32,2024-01-25,6,1
32,2024-01-26,48,10
32,2024-01-27,24,6
32,2024-01-28,34,10
32,2024-01-29,22,5
32,2024-01-30,27,8
32,2024-01-31,48,12
32,2024-02-01,22,8
32,2024-02-02,35,10
32,2024-02-03,16,4
32,2024-02-04,58,19
32,2024-02-05,30,11
32,2024-02-06,40,9
32,2024-02-07,13,3
32,2024-02-08,22,5
32,2024-02-09,20,4
32,2024-02-10,27,9
32,2024-02-11,67,18
32,2024-02-12,16,4
32,2024-02-13,11,4
32,2024-02-14,31,11
32,2024-02-15,46,11
32,2024-02-16,18,6
32,2024-02-17,72,21
32,2024-02-18,13,4
32,2024-02-19,36,8
32,2024-02-20,24,6
32,2024-02-21,42,16
32,2024-02-22,38,14
32,2024-02-23,8,2
32,2024-02-24,46,16
32,2024-02-25,61,22
32,2024-02-26,46,15
32,2024-02-27,46,11
32,2024-02-28,22,7
32,2024-02-29,36,9
32,2024-03-01,45,13
32,2024-03-02,57,19
32,2024-03-03,58,15
32,2024-03-04,16,4
32,2024-03-05,21,4
32,2024-03-06,43,13
32,2024-03-07,10,2
32,2024-03-08,5,1
32,2024-03-09,40,13
32,2024-03-10,18,4
32,2024-03-11,49,12
32,2024-03-12,42,9
32,2024-03-13,22,6
32,2024-03-14,41,15
32,2024-03-15,14,5
32,2024-03-16,9,2
32,2024-03-17,40,13
32,2024-03-18,11,3
32,2024-03-19,28,5
32,2024-03-20,48,16
32,2024-03-21,19,6
32,2024-03-22,5,1
32,2024-03-23,16,4
32,2024-03-24,61,22
32,2024-03-25,12,3
32,2024-03-26,10,2
32,2024-03-27,38,11
32,2024-03-28,11,4
32,2024-03-29,23,7
32,2024-03-30,19,7
32,2024-03-31,24,7
33,2024-01-01,38,11
33,2024-01-02,7,1
33,2024-01-03,34,10
33,2024-01-04,24,8
33,2024-01-05,23,5
33,2024-01-06,60,21
33,2024-01-07,18,6
33,2024-01-08,26,5
33,2024-01-09,28,6
33,2024-01-10,7,2
33,2024-01-11,34,6
33,2024-01-12,48,16
33,2024-01-13,64,24
33,2024-01-14,7,1
33,2024-01-15,27,5
33,2024-01-16,40,9
33,2024-01-17,19,7
33,2024-01-18,48,9
33,2024-01-19,31,12
33,2024-01-20,21,7
33,2024-01-21,52,14
33,2024-01-22,18,5
33,2024-01-23,7,1
33,2024-01-24,33,12
33,2024-01-25,43,13
33,2024-01-26,13,2
33,2024-01-27,55,15
33,2024-01-28,54,17
33,2024-01-29,18,7
33,2024-01-30,22,6
33,2024-01-31,42,12
33,2024-02-01,9,3
33,2024-02-02,43,15
33,2024-02-03,28,8
33,2024-02-04,12,3
33,2024-02-05,10,3
33,2024-02-06,9,3
33,2024-02-07,47,14
33,2024-02-08,35,8
33,2024-02-09,25,6
33,2024-02-10,19,5
33,2024-02-11,13,4
33,2024-02-12,14,5
33,2024-02-13,8,1
33,2024-02-14,23,5
33,2024-02-15,8,2
33,2024-02-16,6,1
33,2024-02-17,13,4
33,2024-02-18,25,7
33,2024-02-19,37,9
33,2024-02-20,32,7
33,2024-02-21,26,7
33,2024-02-22,27,10
33,2024-02-23,30,7
33,2024-02-24,31,11
33,2024-02-25,25,9
33,2024-02-26,32,12
33,2024-02-27,27,7
33,2024-02-28,10,3
33,2024-02-29,29,10
33,2024-03-01,14,3
33,2024-03-02,45,10
33,2024-03-03,25,8
33,2024-03-04,48,17
33,2024-03-05,19,5
33,2024-03-06,41,10
33,2024-03-07,29,11
33,2024-03-08,39,9
33,2024-03-09,67,26
33,2024-03-10,28,6
33,2024-03-11,15,5
33,2024-03-12,12,4
33,2024-03-13,47,12
33,2024-03-14,49,18
33,2024-03-15,9,2
33,2024-03-16,24,8
33,2024-03-17,60,21
33,2024-03-18,39,15
33,2024-03-19,17,3
33,2024-03-20,37,14
33,2024-03-21,42,14
33,2024-03-22,13,2
33,2024-03-23,39,7
33,2024-03-24,67,24
33,2024-03-25,33,7
33,2024-03-26,5,1
33,2024-03-27,8,2
33,2024-03-28,7,2
33,2024-03-29,41,11
33,2024-03-30,72,25
33,2024-03-31,34,8
34,2024-01-01,39,14
34,2024-01-02,43,15
34,2024-01-03,47,15
34,2024-01-04,42,9
34,2024-01-05,40,14
34,2024-01-06,31,11
34,2024-01-07,31,11
34,2024-01-08,42,13
34,2024-01-09,6,1
34,2024-01-10,12,4
34,2024-01-11,32,11
34,2024-01-12,39,14
34,2024-01-13,60,23
34,2024-01-14,73,18
34,2024-01-15,8,1
34,2024-01-16,34,8
34,2024-01-17,8,1
34,2024-01-18,49,17
34,2024-01-19,38,14
34,2024-01-20,18,5
34,2024-01-21,52,12
34,2024-01-22,31,9
34,2024-01-23,35,7
34,2024-01-24,23,6
34,2024-01-25,48,13
34,2024-01-26,14,4
34,2024-01-27,49,12
34,2024-01-28,60,23
34,2024-01-29,49,13
34,2024-01-30,37,14
34,2024-01-31,24,4
34,2024-02-01,35,7
34,2024-02-02,36,11
34,2024-02-03,46,14
34,2024-02-04,33,10
34,2024-02-05,48,9
34,2024-02-06,9,2
34,2024-02-07,11,2
34,2024-02-08,8,2
34,2024-02-09,38,8
34,2024-02-10,10,3
34,2024-02-11,18,4
34,2024-02-12,35,13
34,2024-02-13,30,8
34,2024-02-14,45,11
34,2024-02-15,31,6
34,2024-02-16,5,1
34,2024-02-17,72,19
34,2024-02-18,49,18
34,2024-02-19,23,6
34,2024-02-20,14,2
34,2024-02-21,8,2
34,2024-02-22,7,2
34,2024-02-23,33,10
34,2024-02-24,7,1
34,2024-02-25,69,17
34,2024-02-26,38,13
34,2024-02-27,28,10
34,2024-02-28,25,8
34,2024-02-29,38,9
34,2024-03-01,8,2
34,2024-03-02,12,2
34,2024-03-03,31,9
34,2024-03-04,46,12
34,2024-03-05,39,8
34,2024-03-06,11,2
34,2024-03-07,19,6
34,2024-03-08,38,11
34,2024-03-09,60,13
34,2024-03-10,18,7
34,2024-03-11,42,15
34,2024-03-12,28,11
34,2024-03-13,48,16
34,2024-03-14,27,8
34,2024-03-15,38,12
34,2024-03-16,46,14
34,2024-03-17,57,11
34,2024-03-18,31,8
34,2024-03-19,10,2
34,2024-03-20,11,2
34,2024-03-21,19,4
34,2024-03-22,25,6
34,2024-03-23,58,21
34,2024-03-24,70,14
34,2024-03-25,5,1
34,2024-03-26,13,2
34,2024-03-27,44,10
34,2024-03-28,29,7
34,2024-03-29,40,13
34,2024-03-30,52,20
34,2024-03-31,63,16
35,2024-01-01,12,3
35,2024-01-02,8,2
35,2024-01-03,12,3
35,2024-01-04,12,3
35,2024-01-05,42,14
35,2024-01-06,24,6
35,2024-01-07,39,12
35,2024-01-08,15,5
35,2024-01-09,19,3
35,2024-01-10,5,1
35,2024-01-11,49,13
35,2024-01-12,9,3
35,2024-01-13,9,2
35,2024-01-14,49,17
35,2024-01-15,15,3
35,2024-01-16,37,12
35,2024-01-17,44,10
35,2024-01-18,30,9
35,2024-01-19,10,3
35,2024-01-20,27,10
35,2024-01-21,9,3
35,2024-01-22,8,1
35,2024-01-23,33,12
35,2024-01-24,47,14
35,2024-01-25,13,3
35,2024-01-26,19,6
35,2024-01-27,43,15
35,2024-01-28,30,6
35,2024-01-29,36,10
35,2024-01-30,36,11
35,2024-01-31,35,9
35,2024-02-01,6,2
35,2024-02-02,44,9
35,2024-02-03,51,16
35,2024-02-04,15,3
35,2024-02-05,23,4
35,2024-02-06,26,5
35,2024-02-07,29,6
35,2024-02-08,5,1
35,2024-02-09,12,3
35,2024-02-10,58,17
35,2024-02-11,33,9
35,2024-02-12,47,17
35,2024-02-13,28,10
35,2024-02-14,20,6
35,2024-02-15,43,9
35,2024-02-16,47,15
35,2024-02-17,25,6
35,2024-02-18,21,6
35,2024-02-19,30,9
35,2024-02-20,9,2
35,2024-02-21,20,4
35,2024-02-22,44,12
35,2024-02-23,31,7
35,2024-02-24,39,10
35,2024-02-25,52,18
35,2024-02-26,42,11
35,2024-02-27,8,2
35,2024-02-28,44,10
35,2024-02-29,46,16
35,2024-03-01,44,8
35,2024-03-02,22,5
35,2024-03-03,15,3
35,2024-03-04,39,12
35,2024-03-05,16,4
35,2024-03-06,31,7
35,2024-03-07,38,14
35,2024-03-08,26,6
35,2024-03-09,27,9
35,2024-03-10,58,17
35,2024-03-11,12,4
35,2024-03-12,42,10
35,2024-03-13,36,7
35,2024-03-14,36,8
35,2024-03-15,9,2
35,2024-03-16,49,15
35,2024-03-17,58,14
35,2024-03-18,39,15
35,2024-03-19,5,1
35,2024-03-20,37,8
35,2024-03-21,21,6
35,2024-03-22,5,1
35,2024-03-23,25,7
35,2024-03-24,34,13
35,2024-03-25,23,7
35,2024-03-26,32,11
35,2024-03-27,23,6
35,2024-03-28,46,15
35,2024-03-29,33,8
35,2024-03-30,52,17
35,2024-03-31,64,12
36,2024-01-01,28,10
36,2024-01-02,48,18
36,2024-01-03,15,3
36,2024-01-04,25,7
36,2024-01-05,30,7
36,2024-01-06,70,27
36,2024-01-07,7,2
36,2024-01-08,45,14
36,2024-01-09,19,4
36,2024-01-10,5,1
36,2024-01-11,12,4
36,2024-01-12,30,11
36,2024-01-13,39,11
36,2024-01-14,24,6
36,2024-01-15,31,7
36,2024-01-16,8,2
36,2024-01-17,13,4
36,2024-01-18,9,2
36,2024-01-19,21,5
36,2024-01-20,15,5
36,2024-01-21,70,21
36,2024-01-22,31,6
36,2024-01-23,24,5
36,2024-01-24,21,6
36,2024-01-25,12,4
36,2024-01-26,38,11
36,2024-01-27,45,9
36,2024-01-28,51,14
36,2024-01-29,45,14
36,2024-01-30,49,18
36,2024-01-31,6,2
36,2024-02-01,43,9
36,2024-02-02,8,2
36,2024-02-03,16,5
36,2024-02-04,54,18
36,2024-02-05,37,9
36,2024-02-06,21,4
36,2024-02-07,24,6
36,2024-02-08,24,7
36,2024-02-09,21,5
36,2024-02-10,19,7
36,2024-02-11,43,16
36,2024-02-12,35,8
36,2024-02-13,40,12
36,2024-02-14,17,6
36,2024-02-15,38,10
36,2024-02-16,37,9
36,2024-02-17,51,16
36,2024-02-18,36,12
36,2024-02-19,34,8
36,2024-02-20,32,11
36,2024-02-21,40,11
36,2024-02-22,8,2
36,2024-02-23,40,15
36,2024-02-24,54,20
36,2024-02-25,42,16
36,2024-02-26,26,8
36,2024-02-27,35,8
36,2024-02-28,30,10
36,2024-02-29,48,15
36,2024-03-01,9,2
36,2024-03-02,48,14
36,2024-03-03,15,3
36,2024-03-04,18,4
36,2024-03-05,27,9
36,2024-03-06,24,4
36,2024-03-07,35,10
36,2024-03-08,36,12
36,2024-03-09,49,12
36,2024-03-10,63,16
36,2024-03-11,22,8
36,2024-03-12,13,3
36,2024-03-13,17,6
36,2024-03-14,30,8
36,2024-03-15,9,2
36,2024-03-16,12,3
36,2024-03-17,25,5
36,2024-03-18,10,2
36,2024-03-19,5,1
36,2024-03-20,11,4
36,2024-03-21,11,2
36,2024-03-22,23,7
36,2024-03-23,40,8
36,2024-03-24,49,16
36,2024-03-25,41,12
36,2024-03-26,36,7
36,2024-03-27,10,3
36,2024-03-28,40,14
36,2024-03-29,46,11
36,2024-03-30,36,8
36,2024-03-31,19,6
37,2024-01-01,15,4
37,2024-01-02,36,14
37,2024-01-03,6,1
37,2024-01-04,46,13
37,2024-01-05,24,7
37,2024-01-06,43,10
37,2024-01-07,25,5
37,2024-01-08,44,17
37,2024-01-09,9,2
37,2024-01-10,48,16
37,2024-01-11,32,8
37,2024-01-12,47,16
37,2024-01-13,42,11
37,2024-01-14,33,6
37,2024-01-15,16,5
37,2024-01-16,8,3
37,2024-01-17,8,1
37,2024-01-18,7,2
37,2024-01-19,42,11
37,2024-01-20,66,16
37,2024-01-21,16,5
37,2024-01-22,21,6
37,2024-01-23,22,7
37,2024-01-24,6,2
37,2024-01-25,15,5
37,2024-01-26,23,7
37,2024-01-27,43,12
37,2024-01-28,31,6
37,2024-01-29,27,8
37,2024-01-30,6,1
37,2024-01-31,47,18
37,2024-02-01,10,2
37,2024-02-02,26,6
37,2024-02-03,19,5
37,2024-02-04,33,12
37,2024-02-05,33,12
37,2024-02-06,38,10
37,2024-02-07,35,12
37,2024-02-08,18,4
37,2024-02-09,27,9
37,2024-02-10,22,8
37,2024-02-11,63,24
37,2024-02-12,23,6
37,2024-02-13,42,13
37,2024-02-14,20,4
37,2024-02-15,46,15
37,2024-02-16,13,4
37,2024-02-17,58,12
37,2024-02-18,40,11
37,2024-02-19,7,2
37,2024-02-20,36,12
37,2024-02-21,6,2
37,2024-02-22,15,4
37,2024-02-23,25,9
37,2024-02-24,16,4
37,2024-02-25,24,7
37,2024-02-26,28,5
37,2024-02-27,41,11
37,2024-02-28,20,4
37,2024-02-29,38,10
37,2024-03-01,12,3
37,2024-03-02,40,8
37,2024-03-03,18,5
37,2024-03-04,31,9
37,2024-03-05,17,3
37,2024-03-06,11,3
37,2024-03-07,47,15
37,2024-03-08,40,15
37,2024-03-09,58,16
37,2024-03-10,42,13
37,2024-03-11,15,5
37,2024-03-12,43,9
37,2024-03-13,39,11
37,2024-03-14,16,5
37,2024-03-15,6,2
37,2024-03-16,52,19
37,2024-03-17,64,15
37,2024-03-18,33,12
37,2024-03-19,45,13
37,2024-03-20,12,3
37,2024-03-21,47,16
37,2024-03-22,9,3
37,2024-03-23,40,9
37,2024-03-24,21,8
37,2024-03-25,7,2
37,2024-03-26,41,10
37,2024-03-27,26,8
37,2024-03-28,6,1
37,2024-03-29,12,3
37,2024-03-30,28,6
37,2024-03-31,19,4
38,2024-01-01,34,10
38,2024-01-02,45,11
38,2024-01-03,36,12
38,2024-01-04,5,1
38,2024-01-05,10,3
38,2024-01-06,34,12
38,2024-01-07,70,19
38,2024-01-08,47,18
38,2024-01-09,42,11
38,2024-01-10,7,2
38,2024-01-11,6,1
38,2024-01-12,27,8
38,2024-01-13,57,19
38,2024-01-14,69,23
38,2024-01-15,43,11
38,2024-01-16,35,9
38,2024-01-17,14,5
38,2024-01-18,31,10
38,2024-01-19,29,8
38,2024-01-20,48,10
38,2024-01-21,52,15
38,2024-01-22,40,14
38,2024-01-23,26,6
38,2024-01-24,21,5
38,2024-01-25,10,2
38,2024-01-26,40,8
38,2024-01-27,24,7
38,2024-01-28,58,15
38,2024-01-29,33,10
38,2024-01-30,16,4
38,2024-01-31,28,6
38,2024-02-01,31,7
38,2024-02-02,19,7
38,2024-02-03,67,22
38,2024-02-04,15,3
38,2024-02-05,26,6
38,2024-02-06,36,9
38,2024-02-07,12,4
38,2024-02-08,37,8
38,2024-02-09,30,6
38,2024-02-10,13,4
38,2024-02-11,58,12
38,2024-02-12,12,2
38,2024-02-13,14,3
38,2024-02-14,34,9
38,2024-02-15,5,1
38,2024-02-16,49,11
38,2024-02-17,45,13
38,2024-02-18,69,19
38,2024-02-19,21,7
38,2024-02-20,10,2
38,2024-02-21,30,11
38,2024-02-22,14,4
38,2024-02-23,27,9
38,2024-02-24,52,12
38,2024-02-25,55,17
38,2024-02-26,36,10
38,2024-02-27,19,4
38,2024-02-28,8,1
38,2024-02-29,12,3
38,2024-03-01,32,11
38,2024-03-02,64,14
38,2024-03-03,42,15
38,2024-03-04,35,8
38,2024-03-05,26,6
38,2024-03-06,45,11
38,2024-03-07,23,5
38,2024-03-08,30,11
38,2024-03-09,57,22
38,2024-03-10,66,23
38,2024-03-11,39,15
38,2024-03-12,12,4
38,2024-03-13,8,1
38,2024-03-14,41,15
38,2024-03-15,34,8
38,2024-03-16,43,12
38,2024-03-17,25,7
38,2024-03-18,25,9
38,2024-03-19,15,3
38,2024-03-20,18,5
38,2024-03-21,29,8
38,2024-03-22,41,8
38,2024-03-23,58,18
38,2024-03-24,36,11
38,2024-03-25,11,2
38,2024-03-26,15,5
38,2024-03-27,7,2
38,2024-03-28,10,3
38,2024-03-29,26,9
38,2024-03-30,22,8
38,2024-03-31,46,15
39,2024-01-01,43,15
39,2024-01-02,40,15
39,2024-01-03,23,6
39,2024-01-04,44,10
39,2024-01-05,49,13
39,2024-01-06,40,13
39,2024-01-07,24,5
39,2024-01-08,36,13
39,2024-01-09,5,1
39,2024-01-10,45,14
39,2024-01-11,39,12
39,2024-01-12,49,10
39,2024-01-13,52,18
39,2024-01-14,67,15
39,2024-01-15,38,14
39,2024-01-16,37,8
39,2024-01-17,21,4
39,2024-01-18,10,3
39,2024-01-19,37,12
39,2024-01-20,73,14
39,2024-01-21,48,16
39,2024-01-22,18,4
39,2024-01-23,24,8
39,2024-01-24,5,1
39,2024-01-25,49,10
39,2024-01-26,25,7
39,2024-01-27,58,14
39,2024-01-28,45,14
39,2024-01-29,29,6
39,2024-01-30,35,9
39,2024-01-31,6,1
39,2024-02-01,24,6
39,2024-02-02,38,13
39,2024-02-03,27,10
39,2024-02-04,52,18
39,2024-02-05,12,4
39,2024-02-06,21,7
39,2024-02-07,41,9
39,2024-02-08,15,3
39,2024-02-09,47,15
39,2024-02-10,30,8
39,2024-02-11,67,25
39,2024-02-12,20,5
39,2024-02-13,43,15
39,2024-02-14,49,12
39,2024-02-15,33,8
39,2024-02-16,21,7
39,2024-02-17,60,15
39,2024-02-18,51,17
39,2024-02-19,30,9
39,2024-02-20,30,11
39,2024-02-21,29,9
39,2024-02-22,25,7
39,2024-02-23,7,1
39,2024-02-24,25,6
39,2024-02-25,45,14
39,2024-02-26,19,6
39,2024-02-27,7,1
39,2024-02-28,11,4
39,2024-02-29,18,5
39,2024-03-01,32,10
39,2024-03-02,36,9
39,2024-03-03,31,7
39,2024-03-04,49,14
39,2024-03-05,38,10
39,2024-03-06,10,2
39,2024-03-07,6,1
39,2024-03-08,26,8
39,2024-03-09,21,7
39,2024-03-10,25,8
39,2024-03-11,23,6
39,2024-03-12,48,12
39,2024-03-13,20,5
39,2024-03-14,10,3
39,2024-03-15,32,9
39,2024-03-16,21,8
39,2024-03-17,37,13
39,2024-03-18,34,10
39,2024-03-19,26,8
39,2024-03-20,35,7
39,2024-03-21,45,10
39,2024-03-22,17,5
39,2024-03-23,46,15
39,2024-03-24,64,22
39,2024-03-25,14,5
39,2024-03-26,32,7
39,2024-03-27,40,11
39,2024-03-28,10,3
39,2024-03-29,29,7
39,2024-03-30,33,8
39,2024-03-31,52,12
40,2024-01-01,5,1
40,2024-01-02,44,11
40,2024-01-03,25,7
40,2024-01-04,18,4
40,2024-01-05,21,6
40,2024-01-06,45,10
40,2024-01-07,16,3
40,2024-01-08,40,13
40,2024-01-09,48,18
40,2024-01-10,45,14
40,2024-01-11,39,13
40,2024-01-12,43,9
40,2024-01-13,19,5
40,2024-01-14,64,23
40,2024-01-15,20,4
40,2024-01-16,27,6
40,2024-01-17,49,10
40,2024-01-18,12,3
40,2024-01-19,27,5
40,2024-01-20,16,3
40,2024-01-21,46,12
40,2024-01-22,14,4
40,2024-01-23,28,8
40,2024-01-24,31,7
40,2024-01-25,23,5
40,2024-01-26,32,9
40,2024-01-27,7,2
40,2024-01-28,49,19
40,2024-01-29,16,3
40,2024-01-30,14,3
40,2024-01-31,24,6
40,2024-02-01,10,3
40,2024-02-02,8,2
40,2024-02-03,21,7
40,2024-02-04,48,13
40,2024-02-05,25,6
40,2024-02-06,34,12
40,2024-02-07,23,5
40,2024-02-08,7,2
40,2024-02-09,39,9
40,2024-02-10,37,9
40,2024-02-11,58,12
40,2024-02-12,30,9
40,2024-02-13,48,14
40,2024-02-14,27,9
40,2024-02-15,25,5
40,2024-02-16,10,3
40,2024-02-17,22,5
40,2024-02-18,27,8
40,2024-02-19,43,9
40,2024-02-20,34,7
40,2024-02-21,35,13
40,2024-02-22,35,10
40,2024-02-23,21,6
40,2024-02-24,10,3
40,2024-02-25,21,4
40,2024-02-26,39,10
40,2024-02-27,30,10
40,2024-02-28,35,11
40,2024-02-29,19,4
40,2024-03-01,6,1
40,2024-03-02,49,14
40,2024-03-03,49,14
40,2024-03-04,9,2
40,2024-03-05,25,7
40,2024-03-06,14,5
40,2024-03-07,45,10
40,2024-03-08,28,7
40,2024-03-09,33,11
40,2024-03-10,69,14
40,2024-03-11,28,11
40,2024-03-12,9,2
40,2024-03-13,35,12
40,2024-03-14,36,13
40,2024-03-15,10,3
40,2024-03-16,52,13
40,2024-03-17,9,3
40,2024-03-18,9,3
40,2024-03-19,5,1
40,2024-03-20,43,9
40,2024-03-21,21,6
40,2024-03-22,7,2
40,2024-03-23,12,4
40,2024-03-24,70,19
40,2024-03-25,49,17
40,2024-03-26,44,12
40,2024-03-27,28,8
40,2024-03-28,10,3
40,2024-03-29,5,1
40,2024-03-30,46,17
40,2024-03-31,13,3
41,2024-01-01,49,11
41,2024-01-02,24,9
41,2024-01-03,28,8
41,2024-01-04,29,9
41,2024-01-05,33,11
41,2024-01-06,15,3
41,2024-01-07,67,17
41,2024-01-08,38,8
41,2024-01-09,36,11
41,2024-01-10,12,2
41,2024-01-11,29,7
41,2024-01-12,44,11
41,2024-01-13,9,2
41,2024-01-14,69,19
41,2024-01-15,29,11
41,2024-01-16,48,18
41,2024-01-17,22,8
41,2024-01-18,38,14
41,2024-01-19,46,17
41,2024-01-20,19,7
41,2024-01-21,34,7
41,2024-01-22,25,9
41,2024-01-23,9,2
41,2024-01-24,49,17
41,2024-01-25,5,1
41,2024-01-26,12,4
41,2024-01-27,57,19
41,2024-01-28,19,4
41,2024-01-29,35,12
41,2024-01-30,47,15
41,2024-01-31,21,6
41,2024-02-01,27,6
41,2024-02-02,11,3
41,2024-02-03,64,18
41,2024-02-04,49,12
41,2024-02-05,22,5
41,2024-02-06,13,4
41,2024-02-07,23,5
41,2024-02-08,33,6
41,2024-02-09,22,4
41,2024-02-10,7,1
41,2024-02-11,49,19
41,2024-02-12,47,13
41,2024-02-13,12,4
41,2024-02-14,15,5
41,2024-02-15,29,10
41,2024-02-16,35,13
41,2024-02-17,61,21
41,2024-02-18,66,17
41,2024-02-19,47,17
41,2024-02-20,15,5
41,2024-02-21,33,12
41,2024-02-22,41,9
41,2024-02-23,28,6
41,2024-02-24,28,7
41,2024-02-25,67,26
41,2024-02-26,47,16
41,2024-02-27,41,13
41,2024-02-28,49,13
41,2024-02-29,38,14
41,2024-03-01,23,5
41,2024-03-02,12,3
41,2024-03-03,34,12
41,2024-03-04,36,13
41,2024-03-05,26,10
41,2024-03-06,5,1
41,2024-03-07,36,9
41,2024-03-08,41,13
41,2024-03-09,9,2
41,2024-03-10,37,7
41,2024-03-11,30,7
41,2024-03-12,5,1
41,2024-03-13,26,6
41,2024-03-14,16,4
41,2024-03-15,24,6
41,2024-03-16,31,11
41,2024-03-17,40,8
41,2024-03-18,41,11
41,2024-03-19,48,10
41,2024-03-20,32,7
41,2024-03-21,40,12
41,2024-03-22,40,13
41,2024-03-23,66,25
41,2024-03-24,37,13
41,2024-03-25,11,3
41,2024-03-26,25,8
41,2024-03-27,10,3
41,2024-03-28,40,8
41,2024-03-29,45,16
41,2024-03-30,37,12
41,2024-03-31,45,15
42,2024-01-01,8,2
42,2024-01-02,25,6
42,2024-01-03,42,10
42,2024-01-04,36,10
42,2024-01-05,23,8
42,2024-01-06,67,14
42,2024-01-07,72,25
42,2024-01-08,28,8
42,2024-01-09,42,10
42,2024-01-10,33,11
42,2024-01-11,11,3
42,2024-01-12,17,3
42,2024-01-13,22,5
42,2024-01-14,55,18
42,2024-01-15,14,5
42,2024-01-16,24,5
42,2024-01-17,33,8
42,2024-01-18,17,6
42,2024-01-19,24,9
42,2024-01-20,25,8
42,2024-01-21,54,18
42,2024-01-22,33,12
42,2024-01-23,39,10
42,2024-01-24,40,15
42,2024-01-25,43,13
42,2024-01-26,15,3
42,2024-01-27,72,27
42,2024-01-28,36,10
42,2024-01-29,8,3
42,2024-01-30,32,8
42,2024-01-31,39,11
42,2024-02-01,6,1
42,2024-02-02,19,4
42,2024-02-03,51,18
42,2024-02-04,55,13
42,2024-02-05,21,4
42,2024-02-06,24,5
42,2024-02-07,29,10
42,2024-02-08,6,2
42,2024-02-09,22,6
42,2024-02-10,61,16
42,2024-02-11,60,22
42,2024-02-12,7,2
42,2024-02-13,40,14
42,2024-02-14,19,6
42,2024-02-15,24,6
42,2024-02-16,22,5
42,2024-02-17,9,1
42,2024-02-18,37,10
42,2024-02-19,36,9
42,2024-02-20,30,11
42,2024-02-21,35,9
42,2024-02-22,11,3
42,2024-02-23,27,5
42,2024-02-24,36,12
42,2024-02-25,58,21
42,2024-02-26,49,17
42,2024-02-27,25,8
42,2024-02-28,49,16
42,2024-02-29,31,9
42,2024-03-01,19,3
42,2024-03-02,15,3
42,2024-03-03,49,16
42,2024-03-04,39,12
42,2024-03-05,7,2
42,2024-03-06,27,9
42,2024-03-07,20,6
42,2024-03-08,44,17
42,2024-03-09,48,16
42,2024-03-10,28,8
42,2024-03-11,12,3
42,2024-03-12,26,7
42,2024-03-13,19,4
42,2024-03-14,41,9
42,2024-03-15,25,7
42,2024-03-16,42,11
42,2024-03-17,58,18
42,2024-03-18,35,8
42,2024-03-19,49,19
42,2024-03-20,18,6
42,2024-03-21,21,6
42,2024-03-22,38,9
42,2024-03-23,48,18
42,2024-03-24,12,3
42,2024-03-25,49,16
42,2024-03-26,26,6
42,2024-03-27,21,4
42,2024-03-28,31,7
42,2024-03-29,24,8
42,2024-03-30,34,9
42,2024-03-31,43,15
43,2024-01-01,49,17
43,2024-01-02,45,14
43,2024-01-03,49,12
43,2024-01-04,15,4
43,2024-01-05,7,1
43,2024-01-06,48,9
43,2024-01-07,34,9
43,2024-01-08,21,8
43,2024-01-09,47,14
43,2024-01-10,42,11
43,2024-01-11,14,3
43,2024-01-12,45,10
43,2024-01-13,7,2
43,2024-01-14,73,27
43,2024-01-15,36,9
43,2024-01-16,41,12
43,2024-01-17,39,10
43,2024-01-18,22,4
43,2024-01-19,24,6
43,2024-01-20,9,3
43,2024-01-21,45,13
43,2024-01-22,20,5
43,2024-01-23,25,8
43,2024-01-24,25,7
43,2024-01-25,49,11
43,2024-01-26,29,10
43,2024-01-27,51,18
43,2024-01-28,7,1
43,2024-01-29,37,8
43,2024-01-30,28,9
43,2024-01-31,36,14
43,2024-02-01,27,7
43,2024-02-02,16,5
43,2024-02-03,52,12
43,2024-02-04,12,3
43,2024-02-05,49,18
43,2024-02-06,18,5
43,2024-02-07,15,5
43,2024-02-08,7,2
43,2024-02-09,38,9
43,2024-02-10,15,3
43,2024-02-11,63,20
43,2024-02-12,29,7
43,2024-02-13,22,7
43,2024-02-14,8,2
43,2024-02-15,5,1
43,2024-02-16,44,15
43,2024-02-17,42,9
43,2024-02-18,36,12
43,2024-02-19,43,16
43,2024-02-20,14,4
43,2024-02-21,8,2
43,2024-02-22,47,14
43,2024-02-23,31,7
43,2024-02-24,67,13
43,2024-02-25,45,11
43,2024-02-26,38,8
43,2024-02-27,37,10
43,2024-02-28,29,6
43,2024-02-29,22,7
43,2024-03-01,18,4
43,2024-03-02,21,7
43,2024-03-03,46,10
43,2024-03-04,47,15
43,2024-03-05,16,3
43,2024-03-06,35,13
43,2024-03-07,31,7
43,2024-03-08,36,13
43,2024-03-09,39,14
43,2024-03-10,34,11
43,2024-03-11,5,1
43,2024-03-12,45,13
43,2024-03-13,21,4
43,2024-03-14,10,3
43,2024-03-15,15,5
43,2024-03-16,48,11
43,2024-03-17,66,26
43,2024-03-18,9,3
43,2024-03-19,49,12
43,2024-03-20,25,5
43,2024-03-21,44,12
43,2024-03-22,37,14
43,2024-03-23,9,3
43,2024-03-24,36,10
43,2024-03-25,6,1
43,2024-03-26,40,9
43,2024-03-27,18,4
43,2024-03-28,42,13
43,2024-03-29,11,2
43,2024-03-30,73,22
43,2024-03-31,42,16
44,2024-01-01,11,3
44,2024-01-02,19,6
44,2024-01-03,23,8
44,2024-01-04,9,2
44,2024-01-05,16,4
44,2024-01-06,67,15
44,2024-01-07,45,13
44,2024-01-08,31,6
44,2024-01-09,43,8
44,2024-01-10,40,14
44,2024-01-11,43,17
44,2024-01-12,33,9
44,2024-01-13,61,17
44,2024-01-14,69,26
44,2024-01-15,7,1
44,2024-01-16,16,3
44,2024-01-17,14,4
44,2024-01-18,21,7
44,2024-01-19,49,14
44,2024-01-20,34,12
44,2024-01-21,63,15
44,2024-01-22,46,14
44,2024-01-23,14,5
44,2024-01-24,39,14
44,2024-01-25,22,6
44,2024-01-26,22,5
44,2024-01-27,34,6
44,2024-01-28,10,3
44,2024-01-29,6,2
44,2024-01-30,38,11
44,2024-01-31,46,17
44,2024-02-01,45,11
44,2024-02-02,45,10
44,2024-02-03,25,7
44,2024-02-04,9,3
44,2024-02-05,17,5
44,2024-02-06,39,8
44,2024-02-07,44,13
44,2024-02-08,46,13
44,2024-02-09,49,14
44,2024-02-10,24,5
44,2024-02-11,61,13
44,2024-02-12,15,4
44,2024-02-13,35,10
44,2024-02-14,42,9
44,2024-02-15,46,15
44,2024-02-16,49,12
44,2024-02-17,28,11
44,2024-02-18,25,8
44,2024-02-19,40,11
44,2024-02-20,46,11
44,2024-02-21,8,2
44,2024-02-22,43,15
44,2024-02-23,12,3
44,2024-02-24,37,8
44,2024-02-25,13,3
44,2024-02-26,15,5
44,2024-02-27,39,10
44,2024-02-28,17,5
44,2024-02-29,34,11
44,2024-03-01,39,14
44,2024-03-02,13,2
44,2024-03-03,48,16
44,2024-03-04,45,10
44,2024-03-05,19,7
44,2024-03-06,28,8
44,2024-03-07,39,11
44,2024-03-08,26,10
44,2024-03-09,27,5
44,2024-03-10,52,13
44,2024-03-11,21,6
44,2024-03-12,17,4
44,2024-03-13,25,9
44,2024-03-14,45,11
44,2024-03-15,43,12
44,2024-03-16,33,8
44,2024-03-17,7,2
44,2024-03-18,25,9
44,2024-03-19,42,12
44,2024-03-20,26,10
44,2024-03-21,18,5
44,2024-03-22,48,10
44,2024-03-23,33,10
44,2024-03-24,43,15
44,2024-03-25,34,7
44,2024-03-26,14,3
44,2024-03-27,37,10
44,2024-03-28,18,3
44,2024-03-29,17,5
44,2024-03-30,54,15
44,2024-03-31,36,12
45,2024-01-01,28,7
45,2024-01-02,23,6
45,2024-01-03,37,9
45,2024-01-04,9,3
45,2024-01-05,38,9
45,2024-01-06,21,5
45,2024-01-07,10,3
45,2024-01-08,44,12
45,2024-01-09,33,10
45,2024-01-10,36,13
45,2024-01-11,35,10
45,2024-01-12,30,6
45,2024-01-13,40,10
45,2024-01-14,49,15
45,2024-01-15,12,4
45,2024-01-16,17,5
45,2024-01-17,19,3
45,2024-01-18,32,12
45,2024-01-19,27,6
45,2024-01-20,9,2
45,2024-01-21,46,13
45,2024-01-22,43,11
45,2024-01-23,33,9
45,2024-01-24,16,6
45,2024-01-25,41,15
45,2024-01-26,29,9
45,2024-01-27,39,8
45,2024-01-28,48,18
45,2024-01-29,42,15
45,2024-01-30,32,12
45,2024-01-31,48,13
45,2024-02-01,20,6
45,2024-02-02,7,1
45,2024-02-03,67,21
45,2024-02-04,34,9
45,2024-02-05,28,10
45,2024-02-06,11,3
45,2024-02-07,32,10
45,2024-02-08,10,3
45,2024-02-09,22,8
45,2024-02-10,72,18
45,2024-02-11,48,17
45,2024-02-12,14,4
45,2024-02-13,23,7
45,2024-02-14,33,12
45,2024-02-15,12,4
45,2024-02-16,9,2
45,2024-02-17,72,24
45,2024-02-18,13,3
45,2024-02-19,31,7
45,2024-02-20,6,2
45,2024-02-21,30,6
45,2024-02-22,45,17
45,2024-02-23,14,2
45,2024-02-24,27,7
45,2024-02-25,70,23
45,2024-02-26,45,15
45,2024-02-27,37,14
45,2024-02-28,49,15
45,2024-02-29,18,5
45,2024-03-01,27,7
45,2024-03-02,54,18
45,2024-03-03,25,6
45,2024-03-04,38,8
45,2024-03-05,13,4
45,2024-03-06,37,11
45,2024-03-07,13,2
45,2024-03-08,39,7
45,2024-03-09,61,19
45,2024-03-10,69,21
45,2024-03-11,8,2
45,2024-03-12,14,2
45,2024-03-13,40,8
45,2024-03-14,28,9
45,2024-03-15,37,14
45,2024-03-16,31,7
45,2024-03-17,40,8
45,2024-03-18,49,9
45,2024-03-19,13,3
45,2024-03-20,49,15
45,2024-03-21,19,6
45,2024-03-22,44,16
45,2024-03-23,51,11
45,2024-03-24,31,7
45,2024-03-25,15,3
45,2024-03-26,41,8
45,2024-03-27,16,4
45,2024-03-28,31,10
45,2024-03-29,29,9
45,2024-03-30,22,5
45,2024-03-31,34,9
46,2024-01-01,30,6
46,2024-01-02,21,5
46,2024-01-03,13,4
46,2024-01-04,16,4
46,2024-01-05,18,3
46,2024-01-06,43,10
46,2024-01-07,51,14
46,2024-01-08,24,7
46,2024-01-09,35,13
46,2024-01-10,35,9
46,2024-01-11,47,18
46,2024-01-12,35,7
46,2024-01-13,66,13
46,2024-01-14,37,12
46,2024-01-15,36,11
46,2024-01-16,12,3
46,2024-01-17,24,7
46,2024-01-18,17,5
46,2024-01-19,32,11
46,2024-01-20,55,18
46,2024-01-21,73,27
46,2024-01-22,23,6
46,2024-01-23,11,4
46,2024-01-24,9,2
46,2024-01-25,18,6
46,2024-01-26,47,18
46,2024-01-27,58,13
46,2024-01-28,10,2
46,2024-01-29,20,4
46,2024-01-30,12,3
46,2024-01-31,10,2
46,2024-02-01,8,3
46,2024-02-02,27,8
46,2024-02-03,31,10
46,2024-02-04,28,6
46,2024-02-05,48,18
46,2024-02-06,38,10
46,2024-02-07,27,10
46,2024-02-08,8,2
46,2024-02-09,29,9
46,2024-02-10,21,6
46,2024-02-11,9,3
46,2024-02-12,9,2
46,2024-02-13,36,11
46,2024-02-14,28,9
46,2024-02-15,9,1
46,2024-02-16,48,13
46,2024-02-17,15,4
46,2024-02-18,40,9
46,2024-02-19,25,9
46,2024-02-20,42,9
46,2024-02-21,29,11
46,2024-02-22,24,5
46,2024-02-23,38,12
46,2024-02-24,60,15
46,2024-02-25,12,2
46,2024-02-26,35,9
46,2024-02-27,10,3
46,2024-02-28,27,10
46,2024-02-29,34,7
46,2024-03-01,39,14
46,2024-03-02,43,14
46,2024-03-03,39,10
46,2024-03-04,9,3
46,2024-03-05,6,1
46,2024-03-06,38,9
46,2024-03-07,29,8
46,2024-03-08,31,9
46,2024-03-09,33,9
46,2024-03-10,18,4
46,2024-03-11,16,5
46,2024-03-12,46,14
46,2024-03-13,34,10
46,2024-03-14,41,8
46,2024-03-15,45,15
46,2024-03-16,67,13
46,2024-03-17,28,5
46,2024-03-18,24,9
46,2024-03-19,11,3
46,2024-03-20,34,9
46,2024-03-21,29,8
46,2024-03-22,10,3
46,2024-03-23,27,9
46,2024-03-24,36,12
46,2024-03-25,46,10
46,2024-03-26,22,5
46,2024-03-27,33,11
46,2024-03-28,20,6
46,2024-03-29,18,4
46,2024-03-30,51,11
46,2024-03-31,34,7
47,2024-01-01,12,4
47,2024-01-02,30,7
47,2024-01-03,15,4
47,2024-01-04,32,9
47,2024-01-05,16,6
47,2024-01-06,72,27
47,2024-01-07,21,5
47,2024-01-08,16,3
47,2024-01-09,40,10
47,2024-01-10,22,6
47,2024-01-11,14,5
47,2024-01-12,35,10
47,2024-01-13,18,5
47,2024-01-14,12,3
47,2024-01-15,15,5
47,2024-01-16,16,5
47,2024-01-17,18,5
47,2024-01-18,21,5
47,2024-01-19,23,7
47,2024-01-20,28,8
47,2024-01-21,46,13
47,2024-01-22,16,5
47,2024-01-23,22,8
47,2024-01-24,36,7
47,2024-01-25,31,7
47,2024-01-26,34,7
47,2024-01-27,42,11
47,2024-01-28,12,3
47,2024-01-29,21,8
47,2024-01-30,40,14
47,2024-01-31,27,5
47,2024-02-01,45,11
47,2024-02-02,30,6
47,2024-02-03,70,15
47,2024-02-04,15,3
47,2024-02-05,14,4
47,2024-02-06,39,12
47,2024-02-07,39,15
47,2024-02-08,36,7
47,2024-02-09,31,9
47,2024-02-10,7,2
47,2024-02-11,73,26
47,2024-02-12,39,10
47,2024-02-13,36,8
47,2024-02-14,35,8
47,2024-02-15,45,12
47,2024-02-16,48,19
47,2024-02-17,28,9
47,2024-02-18,55,20
47,2024-02-19,19,5
47,2024-02-20,21,5
47,2024-02-21,27,7
47,2024-02-22,31,9
47,2024-02-23,46,10
47,2024-02-24,15,3
47,2024-02-25,16,4
47,2024-02-26,37,14
47,2024-02-27,9,3
47,2024-02-28,17,3
47,2024-02-29,24,8
47,2024-03-01,25,7
47,2024-03-02,24,6
47,2024-03-03,33,11
47,2024-03-04,26,5
47,2024-03-05,30,8
47,2024-03-06,41,9
47,2024-03-07,20,4
47,2024-03-08,10,3
47,2024-03-09,72,19
47,2024-03-10,39,9
47,2024-03-11,49,18
47,2024-03-12,47,12
47,2024-03-13,26,10
47,2024-03-14,29,8
47,2024-03-15,44,10
47,2024-03-16,73,22
47,2024-03-17,37,14
47,2024-03-18,19,7
47,2024-03-19,20,7
47,2024-03-20,21,5
47,2024-03-21,27,6
47,2024-03-22,23,5
47,2024-03-23,36,7
47,2024-03-24,72,24
47,2024-03-25,22,7
47,2024-03-26,36,13
47,2024-03-27,41,10
47,2024-03-28,42,13
47,2024-03-29,34,13
47,2024-03-30,9,1
47,2024-03-31,27,5
48,2024-01-01,40,14
48,2024-01-02,32,6
48,2024-01-03,49,13
48,2024-01-04,18,4
48,2024-01-05,36,11
48,2024-01-06,67,18
48,2024-01-07,43,13
48,2024-01-08,14,4
48,2024-01-09,46,17
48,2024-01-10,35,7
48,2024-01-11,47,16
48,2024-01-12,18,5
48,2024-01-13,70,15
48,2024-01-14,40,15
48,2024-01-15,24,7
48,2024-01-16,31,6
48,2024-01-17,41,10
48,2024-01-18,36,8
48,2024-01-19,20,4
48,2024-01-20,15,4
48,2024-01-21,54,21
48,2024-01-22,15,5
48,2024-01-23,40,10
48,2024-01-24,6,1
48,2024-01-25,9,1
48,2024-01-26,42,13
48,2024-01-27,66,15
48,2024-01-28,43,15
48,2024-01-29,15,4
48,2024-01-30,10,3
48,2024-01-31,37,7
48,2024-02-01,10,3
48,2024-02-02,6,1
48,2024-02-03,51,12
48,2024-02-04,37,9
48,2024-02-05,25,8
48,2024-02-06,20,5
48,2024-02-07,19,4
48,2024-02-08,9,3
48,2024-02-09,44,12
48,2024-02-10,70,23
48,2024-02-11,37,13
48,2024-02-12,14,3
48,2024-02-13,31,7
48,2024-02-14,25,6
48,2024-02-15,18,6
48,2024-02-16,9,2
48,2024-02-17,25,8
48,2024-02-18,10,2
48,2024-02-19,5,1
48,2024-02-20,47,18
48,2024-02-21,28,8
48,2024-02-22,23,5
48,2024-02-23,10,2
48,2024-02-24,63,22
48,2024-02-25,13,4
48,2024-02-26,49,13
48,2024-02-27,29,11
48,2024-02-28,37,8
48,2024-02-29,46,9
48,2024-03-01,45,9
48,2024-03-02,19,6
48,2024-03-03,40,12
48,2024-03-04,11,3
48,2024-03-05,45,12
48,2024-03-06,18,4
48,2024-03-07,39,9
48,2024-03-08,43,14
48,2024-03-09,9,3
48,2024-03-10,51,13
48,2024-03-11,36,10
48,2024-03-12,38,11
48,2024-03-13,39,11
48,2024-03-14,25,5
48,2024-03-15,18,4
48,2024-03-16,21,5
48,2024-03-17,42,15
48,2024-03-18,24,8
48,2024-03-19,14,5
48,2024-03-20,14,3
48,2024-03-21,20,6
48,2024-03-22,27,5
48,2024-03-23,31,6
48,2024-03-24,72,20
48,2024-03-25,40,9
48,2024-03-26,19,7
48,2024-03-27,45,11
48,2024-03-28,30,10
48,2024-03-29,45,12
48,2024-03-30,45,12
48,2024-03-31,16,4
49,2024-01-01,35,10
49,2024-01-02,7,2
49,2024-01-03,24,5
49,2024-01-04,31,10
49,2024-01-05,10,2
49,2024-01-06,46,10
49,2024-01-07,42,15
49,2024-01-08,31,9
49,2024-01-09,24,5
49,2024-01-10,30,8
49,2024-01-11,7,1
49,2024-01-12,30,10
49,2024-01-13,40,11
49,2024-01-14,13,3
49,2024-01-15,20,4
49,2024-01-16,6,2
49,2024-01-17,31,11
49,2024-01-18,31,7
49,2024-01-19,38,10
49,2024-01-20,58,14
49,2024-01-21,34,8
49,2024-01-22,8,2
49,2024-01-23,29,9
49,2024-01-24,25,9
49,2024-01-25,36,13
49,2024-01-26,8,2
49,2024-01-27,16,6
49,2024-01-28,27,5
49,2024-01-29,12,2
49,2024-01-30,15,4
49,2024-01-31,5,1
49,2024-02-01,15,5
49,2024-02-02,39,8
49,2024-02-03,43,9
49,2024-02-04,58,19
49,2024-02-05,32,11
49,2024-02-06,40,15
49,2024-02-07,49,17
49,2024-02-08,35,9
49,2024-02-09,15,4
49,2024-02-10,46,14
49,2024-02-11,13,4
49,2024-02-12,32,6
49,2024-02-13,10,3
49,2024-02-14,18,5
49,2024-02-15,42,9
49,2024-02-16,44,15
49,2024-02-17,22,4
49,2024-02-18,54,15
49,2024-02-19,21,7
49,2024-02-20,35,10
49,2024-02-21,32,12
49,2024-02-22,6,2
49,2024-02-23,42,14
49,2024-02-24,54,18
49,2024-02-25,49,10
49,2024-02-26,12,3
49,2024-02-27,36,12
49,2024-02-28,32,11
49,2024-02-29,20,6
49,2024-03-01,13,5
49,2024-03-02,27,6
49,2024-03-03,28,6
49,2024-03-04,42,8
49,2024-03-05,8,2
49,2024-03-06,7,2
49,2024-03-07,20,6
49,2024-03-08,8,2
49,2024-03-09,46,12
49,2024-03-10,58,21
49,2024-03-11,26,7
49,2024-03-12,38,12
49,2024-03-13,48,13
49,2024-03-14,18,6
49,2024-03-15,7,2
49,2024-03-16,69,27
49,2024-03-17,10,3
49,2024-03-18,8,2
49,2024-03-19,34,12
49,2024-03-20,44,10
49,2024-03-21,20,5
49,2024-03-22,28,5
49,2024-03-23,30,6
49,2024-03-24,30,7
49,2024-03-25,36,8
49,2024-03-26,20,4
49,2024-03-27,38,12
49,2024-03-28,6,1
49,2024-03-29,23,9
49,2024-03-30,31,10
49,2024-03-31,63,21
50,2024-01-01,49,11
50,2024-01-02,8,1
50,2024-01-03,30,9
50,2024-01-04,34,11
50,2024-01-05,36,7
50,2024-01-06,18,6
50,2024-01-07,64,25
50,2024-01-08,28,9
50,2024-01-09,9,1
50,2024-01-10,47,16
50,2024-01-11,30,7
50,2024-01-12,25,9
50,2024-01-13,45,10
50,2024-01-14,37,12
50,2024-01-15,45,13
50,2024-01-16,26,6
50,2024-01-17,34,6
50,2024-01-18,24,7
50,2024-01-19,18,6
50,2024-01-20,28,8
50,2024-01-21,25,5
50,2024-01-22,49,10
50,2024-01-23,7,1
50,2024-01-24,23,6
50,2024-01-25,46,15
50,2024-01-26,15,4
50,2024-01-27,51,18
50,2024-01-28,33,7
50,2024-01-29,44,14
50,2024-01-30,25,6
50,2024-01-31,11,2
50,2024-02-01,39,13
50,2024-02-02,43,9
50,2024-02-03,18,6
50,2024-02-04,73,22
50,2024-02-05,20,7
50,2024-02-06,42,10
50,2024-02-07,22,5
50,2024-02-08,21,5
50,2024-02-09,42,16
50,2024-02-10,72,16
50,2024-02-11,51,13
50,2024-02-12,7,1
50,2024-02-13,9,3
50,2024-02-14,21,7
50,2024-02-15,44,12
50,2024-02-16,31,8
50,2024-02-17,33,13
50,2024-02-18,19,5
50,2024-02-19,29,7
50,2024-02-20,31,7
50,2024-02-21,15,5
50,2024-02-22,40,11
50,2024-02-23,11,3
50,2024-02-24,69,17
50,2024-02-25,33,8
50,2024-02-26,25,5
50,2024-02-27,7,1
50,2024-02-28,12,2
50,2024-02-29,38,9
50,2024-03-01,18,7
50,2024-03-02,52,19
50,2024-03-03,37,14
50,2024-03-04,35,12
50,2024-03-05,14,5
50,2024-03-06,7,2
50,2024-03-07,41,14
50,2024-03-08,31,10
50,2024-03-09,48,12
50,2024-03-10,64,15
50,2024-03-11,36,9
50,2024-03-12,13,3
50,2024-03-13,9,2
50,2024-03-14,5,1
50,2024-03-15,48,11
50,2024-03-16,51,11
50,2024-03-17,27,8
50,2024-03-18,43,15
50,2024-03-19,37,10
50,2024-03-20,30,7
50,2024-03-21,16,5
50,2024-03-22,47,16
50,2024-03-23,12,3
50,2024-03-24,48,17
50,2024-03-25,35,11
50,2024-03-26,40,13
50,2024-03-27,20,6
50,2024-03-28,48,13
50,2024-03-29,21,4
50,2024-03-30,66,25
50,2024-03-31,33,10
